Using vips to process variants requires the libvips library. Please install libvips using the instructions on the libvips website.
Using vips to process variants requires the libvips library. Please install libvips using the instructions on the libvips website.
Using vips to process variants requires the libvips library. Please install libvips using the instructions on the libvips website.
Using vips to process variants requires the libvips library. Please install libvips using the instructions on the libvips website.
Using vips to process variants requires the libvips library. Please install libvips using the instructions on the libvips website.
  [1m[35mSQL (0.3ms)[0m  [1m[35mSET search_path TO public /*application='MisionesApp'*/[0m
  [1m[35m (239.7ms)[0m  [1m[35mCREATE DATABASE "misiones_app_development" ENCODING = 'unicode' /*application='MisionesApp'*/[0m
  [1m[35mSQL (0.0ms)[0m  [1m[35mSET search_path TO public /*application='MisionesApp'*/[0m
  [1m[35m (102.2ms)[0m  [1m[35mCREATE DATABASE "misiones_app_test" ENCODING = 'unicode' /*application='MisionesApp'*/[0m
Using vips to process variants requires the libvips library. Please install libvips using the instructions on the libvips website.
Using vips to process variants requires the libvips library. Please install libvips using the instructions on the libvips website.
Using vips to process variants requires the libvips library. Please install libvips using the instructions on the libvips website.
Using vips to process variants requires the libvips library. Please install libvips using the instructions on the libvips website.
Using vips to process variants requires the libvips library. Please install libvips using the instructions on the libvips website.
Using vips to process variants requires the libvips library. Please install libvips using the instructions on the libvips website.
  [1m[35m (24.1ms)[0m  [1m[35mCREATE TABLE "schema_migrations" ("version" character varying NOT NULL PRIMARY KEY) /*application='MisionesApp'*/[0m
  [1m[35m (4.8ms)[0m  [1m[35mCREATE TABLE "ar_internal_metadata" ("key" character varying NOT NULL PRIMARY KEY, "value" character varying, "created_at" timestamp(6) NOT NULL, "updated_at" timestamp(6) NOT NULL) /*application='MisionesApp'*/[0m
  [1m[35m (0.5ms)[0m  [1m[34mSELECT pg_try_advisory_lock(2427962059449269910) /*application='MisionesApp'*/[0m
  [1m[36mActiveRecord::SchemaMigration Load (0.8ms)[0m  [1m[34mSELECT "schema_migrations"."version" FROM "schema_migrations" ORDER BY "schema_migrations"."version" ASC /*application='MisionesApp'*/[0m
  [1m[36mActiveRecord::InternalMetadata Load (1.9ms)[0m  [1m[34mSELECT * FROM "ar_internal_metadata" WHERE "ar_internal_metadata"."key" = 'environment' ORDER BY "ar_internal_metadata"."key" ASC LIMIT 1 /*application='MisionesApp'*/[0m
  [1m[36mActiveRecord::InternalMetadata Create (1.3ms)[0m  [1m[32mINSERT INTO "ar_internal_metadata" ("key", "value", "created_at", "updated_at") VALUES ('environment', 'development', '2026-09-10 02:39:45.492733', '2026-09-10 02:39:45.492735') RETURNING "key" /*application='MisionesApp'*/[0m
Migrating to CreateGuests (20260910023829)
  [1m[36mTRANSACTION (0.1ms)[0m  [1m[35mBEGIN /*application='MisionesApp'*/[0m
  [1m[35m (9.4ms)[0m  [1m[35mCREATE TABLE "guests" ("id" bigserial primary key, "name" character varying NOT NULL, "phone" character varying, "email" character varying, "picture" character varying, "points" integer DEFAULT 0 NOT NULL, "attempts" integer DEFAULT 1 NOT NULL, "created_at" timestamp(6) NOT NULL, "updated_at" timestamp(6) NOT NULL) /*application='MisionesApp'*/[0m
  [1m[36mActiveRecord::SchemaMigration Create (0.4ms)[0m  [1m[32mINSERT INTO "schema_migrations" ("version") VALUES ('20260910023829') RETURNING "version" /*application='MisionesApp'*/[0m
  [1m[36mTRANSACTION (0.2ms)[0m  [1m[35mCOMMIT /*application='MisionesApp'*/[0m
Migrating to CreateMissions (20260910023835)
  [1m[36mTRANSACTION (0.1ms)[0m  [1m[35mBEGIN /*application='MisionesApp'*/[0m
  [1m[35m (7.6ms)[0m  [1m[35mCREATE TABLE "missions" ("id" bigserial primary key, "description" text NOT NULL, "score" integer NOT NULL, "active" boolean DEFAULT TRUE NOT NULL, "target_id" bigint NOT NULL, "created_at" timestamp(6) NOT NULL, "updated_at" timestamp(6) NOT NULL, CONSTRAINT "fk_rails_04328f36c2"
FOREIGN KEY ("target_id")
  REFERENCES "guests" ("id")
) /*application='MisionesApp'*/[0m
  [1m[35m (1.7ms)[0m  [1m[35mCREATE INDEX "index_missions_on_target_id" ON "missions" ("target_id") /*application='MisionesApp'*/[0m
  [1m[36mActiveRecord::SchemaMigration Create (0.2ms)[0m  [1m[32mINSERT INTO "schema_migrations" ("version") VALUES ('20260910023835') RETURNING "version" /*application='MisionesApp'*/[0m
  [1m[36mTRANSACTION (0.5ms)[0m  [1m[35mCOMMIT /*application='MisionesApp'*/[0m
Migrating to CreateMissionAssignments (20260910023840)
  [1m[36mTRANSACTION (0.2ms)[0m  [1m[35mBEGIN /*application='MisionesApp'*/[0m
  [1m[35m (4.5ms)[0m  [1m[35mCREATE TABLE "mission_assignments" ("id" bigserial primary key, "guest_id" bigint NOT NULL, "mission_id" bigint NOT NULL, "status" integer DEFAULT 0 NOT NULL, "assigned_at" timestamp(6), "completed_at" timestamp(6), "created_at" timestamp(6) NOT NULL, "updated_at" timestamp(6) NOT NULL, CONSTRAINT "fk_rails_c93c85f0ca"
FOREIGN KEY ("guest_id")
  REFERENCES "guests" ("id")
, CONSTRAINT "fk_rails_c58aa587b6"
FOREIGN KEY ("mission_id")
  REFERENCES "missions" ("id")
) /*application='MisionesApp'*/[0m
  [1m[35m (1.8ms)[0m  [1m[35mCREATE INDEX "index_mission_assignments_on_guest_id" ON "mission_assignments" ("guest_id") /*application='MisionesApp'*/[0m
  [1m[35m (1.8ms)[0m  [1m[35mCREATE INDEX "index_mission_assignments_on_mission_id" ON "mission_assignments" ("mission_id") /*application='MisionesApp'*/[0m
  [1m[35m (2.0ms)[0m  [1m[35mCREATE UNIQUE INDEX "index_mission_assignments_on_guest_id_assigned_unique" ON "mission_assignments" ("guest_id", "status") WHERE (status = 0) /*application='MisionesApp'*/[0m
  [1m[36mActiveRecord::SchemaMigration Create (0.2ms)[0m  [1m[32mINSERT INTO "schema_migrations" ("version") VALUES ('20260910023840') RETURNING "version" /*application='MisionesApp'*/[0m
  [1m[36mTRANSACTION (0.3ms)[0m  [1m[35mCOMMIT /*application='MisionesApp'*/[0m
Migrating to CreateGuestsMissions (20260910023846)
  [1m[36mTRANSACTION (0.2ms)[0m  [1m[35mBEGIN /*application='MisionesApp'*/[0m
  [1m[35m (7.8ms)[0m  [1m[35mCREATE TABLE "guests_missions" ("guest_id" bigint NOT NULL, "mission_id" bigint NOT NULL, CONSTRAINT "fk_rails_a8b5dd3328"
FOREIGN KEY ("guest_id")
  REFERENCES "guests" ("id")
, CONSTRAINT "fk_rails_7e85474fa9"
FOREIGN KEY ("mission_id")
  REFERENCES "missions" ("id")
) /*application='MisionesApp'*/[0m
  [1m[35m (54.8ms)[0m  [1m[35mCREATE INDEX "index_guests_missions_on_guest_id" ON "guests_missions" ("guest_id") /*application='MisionesApp'*/[0m
  [1m[35m (1.1ms)[0m  [1m[35mCREATE INDEX "index_guests_missions_on_mission_id" ON "guests_missions" ("mission_id") /*application='MisionesApp'*/[0m
  [1m[35m (17.5ms)[0m  [1m[35mCREATE UNIQUE INDEX "index_guests_missions_on_guest_id_and_mission_id" ON "guests_missions" ("guest_id", "mission_id") /*application='MisionesApp'*/[0m
  [1m[36mActiveRecord::SchemaMigration Create (0.3ms)[0m  [1m[32mINSERT INTO "schema_migrations" ("version") VALUES ('20260910023846') RETURNING "version" /*application='MisionesApp'*/[0m
  [1m[36mTRANSACTION (5.5ms)[0m  [1m[35mCOMMIT /*application='MisionesApp'*/[0m
Migrating to CreateMissionsTargetGuests (20260910023847)
  [1m[36mTRANSACTION (0.2ms)[0m  [1m[35mBEGIN /*application='MisionesApp'*/[0m
  [1m[35m (3.7ms)[0m  [1m[35mCREATE TABLE "missions_target_guests" ("mission_id" bigint NOT NULL, "guest_id" bigint NOT NULL, CONSTRAINT "fk_rails_14d9700947"
FOREIGN KEY ("mission_id")
  REFERENCES "missions" ("id")
, CONSTRAINT "fk_rails_445304145b"
FOREIGN KEY ("guest_id")
  REFERENCES "guests" ("id")
) /*application='MisionesApp'*/[0m
  [1m[35m (1.4ms)[0m  [1m[35mCREATE INDEX "index_missions_target_guests_on_mission_id" ON "missions_target_guests" ("mission_id") /*application='MisionesApp'*/[0m
  [1m[35m (1.8ms)[0m  [1m[35mCREATE INDEX "index_missions_target_guests_on_guest_id" ON "missions_target_guests" ("guest_id") /*application='MisionesApp'*/[0m
  [1m[35m (1.8ms)[0m  [1m[35mCREATE UNIQUE INDEX "index_missions_target_guests_on_mission_id_and_guest_id" ON "missions_target_guests" ("mission_id", "guest_id") /*application='MisionesApp'*/[0m
  [1m[36mActiveRecord::SchemaMigration Create (0.2ms)[0m  [1m[32mINSERT INTO "schema_migrations" ("version") VALUES ('20260910023847') RETURNING "version" /*application='MisionesApp'*/[0m
  [1m[36mTRANSACTION (0.3ms)[0m  [1m[35mCOMMIT /*application='MisionesApp'*/[0m
  [1m[35m (0.2ms)[0m  [1m[34mSELECT pg_advisory_unlock(2427962059449269910) /*application='MisionesApp'*/[0m
  [1m[36mActiveRecord::SchemaMigration Load (0.2ms)[0m  [1m[34mSELECT "schema_migrations"."version" FROM "schema_migrations" ORDER BY "schema_migrations"."version" ASC /*application='MisionesApp'*/[0m
  [1m[35mSQL (3.6ms)[0m  [1m[35mSET search_path TO public /*application='MisionesApp'*/[0m
  [1m[35mSQL (0.1ms)[0m  [1m[35mSET search_path TO "$user", public /*application='MisionesApp'*/[0m
  [1m[35mSQL (0.1ms)[0m  [1m[35mSET search_path TO public /*application='MisionesApp'*/[0m
  [1m[35mSQL (0.1ms)[0m  [1m[35mSET search_path TO "$user", public /*application='MisionesApp'*/[0m
Using vips to process variants requires the libvips library. Please install libvips using the instructions on the libvips website.
Using vips to process variants requires the libvips library. Please install libvips using the instructions on the libvips website.
Using vips to process variants requires the libvips library. Please install libvips using the instructions on the libvips website.
Using vips to process variants requires the libvips library. Please install libvips using the instructions on the libvips website.
Using vips to process variants requires the libvips library. Please install libvips using the instructions on the libvips website.
  [1m[36mActiveRecord::SchemaMigration Load (1.3ms)[0m  [1m[34mSELECT "schema_migrations"."version" FROM "schema_migrations" ORDER BY "schema_migrations"."version" ASC /*application='MisionesApp'*/[0m
  [1m[36mMissionAssignment Delete All (2.0ms)[0m  [1m[31mDELETE FROM "mission_assignments" /*application='MisionesApp'*/[0m
  [1m[36mGuest Load (1.3ms)[0m  [1m[34mSELECT "guests".* FROM "guests" WHERE "guests"."name" = 'Valentina Cruz' LIMIT 1 /*application='MisionesApp'*/[0m
  [1m[36mTRANSACTION (0.1ms)[0m  [1m[35mBEGIN /*application='MisionesApp'*/[0m
  [1m[36mGuest Create (1.9ms)[0m  [1m[32mINSERT INTO "guests" ("name", "phone", "email", "picture", "points", "attempts", "created_at", "updated_at") VALUES ('Valentina Cruz', '555-0101', 'valentina@fiesta.local', 'https://ui-avatars.com/api/?name=Valentina+Cruz&size=400&background=EF476F&color=fff&bold=true&rounded=true', 0, 2, '2026-09-10 03:01:54.645307', '2026-09-10 03:01:54.645307') RETURNING "id" /*application='MisionesApp'*/[0m
  [1m[36mTRANSACTION (1.1ms)[0m  [1m[35mCOMMIT /*application='MisionesApp'*/[0m
  [1m[36mGuest Load (0.3ms)[0m  [1m[34mSELECT "guests".* FROM "guests" WHERE "guests"."name" = 'Marcos Ríos' LIMIT 1 /*application='MisionesApp'*/[0m
  [1m[36mTRANSACTION (0.1ms)[0m  [1m[35mBEGIN /*application='MisionesApp'*/[0m
  [1m[36mGuest Create (0.9ms)[0m  [1m[32mINSERT INTO "guests" ("name", "phone", "email", "picture", "points", "attempts", "created_at", "updated_at") VALUES ('Marcos Ríos', '555-0102', 'marcos@fiesta.local', 'https://ui-avatars.com/api/?name=Marcos+Rios&size=400&background=118AB2&color=fff&bold=true&rounded=true', 0, 2, '2026-09-10 03:01:54.651139', '2026-09-10 03:01:54.651139') RETURNING "id" /*application='MisionesApp'*/[0m
  [1m[36mTRANSACTION (0.2ms)[0m  [1m[35mCOMMIT /*application='MisionesApp'*/[0m
  [1m[36mGuest Load (0.2ms)[0m  [1m[34mSELECT "guests".* FROM "guests" WHERE "guests"."name" = 'Sofía Mendez' LIMIT 1 /*application='MisionesApp'*/[0m
  [1m[36mTRANSACTION (0.1ms)[0m  [1m[35mBEGIN /*application='MisionesApp'*/[0m
  [1m[36mGuest Create (1.0ms)[0m  [1m[32mINSERT INTO "guests" ("name", "phone", "email", "picture", "points", "attempts", "created_at", "updated_at") VALUES ('Sofía Mendez', '555-0103', 'sofia@fiesta.local', 'https://ui-avatars.com/api/?name=Sofia+Mendez&size=400&background=06D6A0&color=073B4C&bold=true&rounded=true', 0, 2, '2026-09-10 03:01:54.654580', '2026-09-10 03:01:54.654580') RETURNING "id" /*application='MisionesApp'*/[0m
  [1m[36mTRANSACTION (0.2ms)[0m  [1m[35mCOMMIT /*application='MisionesApp'*/[0m
  [1m[36mMission Load (1.3ms)[0m  [1m[34mSELECT "missions".* FROM "missions" WHERE "missions"."description" = 'Consigue que Valentina Cruz te enseñe su mejor baile sin que sepa que es tu misión. Tienes 5 minutos.' LIMIT 1 /*application='MisionesApp'*/[0m
  [1m[36mTRANSACTION (0.0ms)[0m  [1m[35mBEGIN /*application='MisionesApp'*/[0m
  [1m[36mMission Create (2.0ms)[0m  [1m[32mINSERT INTO "missions" ("description", "score", "active", "target_id", "created_at", "updated_at") VALUES ('Consigue que Valentina Cruz te enseñe su mejor baile sin que sepa que es tu misión. Tienes 5 minutos.', 20, TRUE, 1, '2026-09-10 03:01:54.668081', '2026-09-10 03:01:54.668081') RETURNING "id" /*application='MisionesApp'*/[0m
  [1m[36mTRANSACTION (0.2ms)[0m  [1m[35mCOMMIT /*application='MisionesApp'*/[0m
  [1m[36mMission Load (0.1ms)[0m  [1m[34mSELECT "missions".* FROM "missions" WHERE "missions"."description" = 'Convence a Marcos Ríos de que cante aunque sea una estrofa de una canción frente a todos.' LIMIT 1 /*application='MisionesApp'*/[0m
  [1m[36mTRANSACTION (0.1ms)[0m  [1m[35mBEGIN /*application='MisionesApp'*/[0m
  [1m[36mMission Create (0.9ms)[0m  [1m[32mINSERT INTO "missions" ("description", "score", "active", "target_id", "created_at", "updated_at") VALUES ('Convence a Marcos Ríos de que cante aunque sea una estrofa de una canción frente a todos.', 25, TRUE, 2, '2026-09-10 03:01:54.673043', '2026-09-10 03:01:54.673043') RETURNING "id" /*application='MisionesApp'*/[0m
  [1m[36mTRANSACTION (0.1ms)[0m  [1m[35mCOMMIT /*application='MisionesApp'*/[0m
  [1m[36mMission Load (0.1ms)[0m  [1m[34mSELECT "missions".* FROM "missions" WHERE "missions"."description" = 'Haz que Sofía Mendez te cuente un secreto (puede ser inventado). El chiste es que lo diga en voz alta.' LIMIT 1 /*application='MisionesApp'*/[0m
  [1m[36mTRANSACTION (0.0ms)[0m  [1m[35mBEGIN /*application='MisionesApp'*/[0m
  [1m[36mMission Create (0.8ms)[0m  [1m[32mINSERT INTO "missions" ("description", "score", "active", "target_id", "created_at", "updated_at") VALUES ('Haz que Sofía Mendez te cuente un secreto (puede ser inventado). El chiste es que lo diga en voz alta.', 15, TRUE, 3, '2026-09-10 03:01:54.675958', '2026-09-10 03:01:54.675958') RETURNING "id" /*application='MisionesApp'*/[0m
  [1m[36mTRANSACTION (0.1ms)[0m  [1m[35mCOMMIT /*application='MisionesApp'*/[0m
  [1m[36mMission Load (0.2ms)[0m  [1m[34mSELECT "missions".* FROM "missions" WHERE "missions"."description" = 'Tómate una foto grupal con al menos 4 personas que incluya al menos dos de los invitados especiales. Muéstrasela al admin para ganar los puntos.' LIMIT 1 /*application='MisionesApp'*/[0m
  [1m[36mTRANSACTION (0.0ms)[0m  [1m[35mBEGIN /*application='MisionesApp'*/[0m
  [1m[36mMission Create (0.8ms)[0m  [1m[32mINSERT INTO "missions" ("description", "score", "active", "target_id", "created_at", "updated_at") VALUES ('Tómate una foto grupal con al menos 4 personas que incluya al menos dos de los invitados especiales. Muéstrasela al admin para ganar los puntos.', 30, TRUE, 1, '2026-09-10 03:01:54.678873', '2026-09-10 03:01:54.678873') RETURNING "id" /*application='MisionesApp'*/[0m
  [1m[36mTRANSACTION (0.2ms)[0m  [1m[35mCOMMIT /*application='MisionesApp'*/[0m
  [1m[36mMission Load (0.1ms)[0m  [1m[34mSELECT "missions".* FROM "missions" WHERE "missions"."description" = 'Organiza un brindis de al menos 6 personas. Tú debes dar el discurso. No importa si es corto.' LIMIT 1 /*application='MisionesApp'*/[0m
  [1m[36mTRANSACTION (0.0ms)[0m  [1m[35mBEGIN /*application='MisionesApp'*/[0m
  [1m[36mMission Create (0.7ms)[0m  [1m[32mINSERT INTO "missions" ("description", "score", "active", "target_id", "created_at", "updated_at") VALUES ('Organiza un brindis de al menos 6 personas. Tú debes dar el discurso. No importa si es corto.', 35, TRUE, 2, '2026-09-10 03:01:54.681661', '2026-09-10 03:01:54.681661') RETURNING "id" /*application='MisionesApp'*/[0m
  [1m[36mTRANSACTION (0.1ms)[0m  [1m[35mCOMMIT /*application='MisionesApp'*/[0m
  [1m[36mGuest Load (1.6ms)[0m  [1m[34mSELECT "guests".* FROM "guests" INNER JOIN "guests_missions" ON "guests"."id" = "guests_missions"."guest_id" WHERE "guests_missions"."mission_id" = 1 /*application='MisionesApp'*/[0m
  [1m[36mTRANSACTION (0.0ms)[0m  [1m[35mBEGIN /*application='MisionesApp'*/[0m
  [1m[36mMission::HABTM_RestrictedGuests Create (1.0ms)[0m  [1m[32mINSERT INTO "guests_missions" ("guest_id", "mission_id") VALUES (1, 1) /*application='MisionesApp'*/[0m
  [1m[36mTRANSACTION (0.2ms)[0m  [1m[35mCOMMIT /*application='MisionesApp'*/[0m
  [1m[36mGuest Load (2.3ms)[0m  [1m[34mSELECT "guests".* FROM "guests" INNER JOIN "missions_target_guests" ON "guests"."id" = "missions_target_guests"."guest_id" WHERE "missions_target_guests"."mission_id" = 1 /*application='MisionesApp'*/[0m
  [1m[36mTRANSACTION (0.1ms)[0m  [1m[35mBEGIN /*application='MisionesApp'*/[0m
  [1m[36mMission::HABTM_TargetGuests Create (1.5ms)[0m  [1m[32mINSERT INTO "missions_target_guests" ("mission_id", "guest_id") VALUES (1, 1) /*application='MisionesApp'*/[0m
  [1m[36mMission::HABTM_TargetGuests Create (0.2ms)[0m  [1m[32mINSERT INTO "missions_target_guests" ("mission_id", "guest_id") VALUES (1, 2) /*application='MisionesApp'*/[0m
  [1m[36mTRANSACTION (0.4ms)[0m  [1m[35mCOMMIT /*application='MisionesApp'*/[0m
  [1m[36mGuest Load (0.2ms)[0m  [1m[34mSELECT "guests".* FROM "guests" INNER JOIN "guests_missions" ON "guests"."id" = "guests_missions"."guest_id" WHERE "guests_missions"."mission_id" = 2 /*application='MisionesApp'*/[0m
  [1m[36mTRANSACTION (0.1ms)[0m  [1m[35mBEGIN /*application='MisionesApp'*/[0m
  [1m[36mMission::HABTM_RestrictedGuests Create (1.0ms)[0m  [1m[32mINSERT INTO "guests_missions" ("guest_id", "mission_id") VALUES (2, 2) /*application='MisionesApp'*/[0m
  [1m[36mTRANSACTION (0.2ms)[0m  [1m[35mCOMMIT /*application='MisionesApp'*/[0m
  [1m[36mGuest Load (0.4ms)[0m  [1m[34mSELECT "guests".* FROM "guests" INNER JOIN "missions_target_guests" ON "guests"."id" = "missions_target_guests"."guest_id" WHERE "missions_target_guests"."mission_id" = 2 /*application='MisionesApp'*/[0m
  [1m[36mTRANSACTION (0.1ms)[0m  [1m[35mBEGIN /*application='MisionesApp'*/[0m
  [1m[36mMission::HABTM_TargetGuests Create (1.2ms)[0m  [1m[32mINSERT INTO "missions_target_guests" ("mission_id", "guest_id") VALUES (2, 2) /*application='MisionesApp'*/[0m
  [1m[36mMission::HABTM_TargetGuests Create (0.4ms)[0m  [1m[32mINSERT INTO "missions_target_guests" ("mission_id", "guest_id") VALUES (2, 3) /*application='MisionesApp'*/[0m
  [1m[36mTRANSACTION (0.3ms)[0m  [1m[35mCOMMIT /*application='MisionesApp'*/[0m
  [1m[36mGuest Load (0.4ms)[0m  [1m[34mSELECT "guests".* FROM "guests" INNER JOIN "guests_missions" ON "guests"."id" = "guests_missions"."guest_id" WHERE "guests_missions"."mission_id" = 3 /*application='MisionesApp'*/[0m
  [1m[36mTRANSACTION (0.1ms)[0m  [1m[35mBEGIN /*application='MisionesApp'*/[0m
  [1m[36mMission::HABTM_RestrictedGuests Create (1.0ms)[0m  [1m[32mINSERT INTO "guests_missions" ("guest_id", "mission_id") VALUES (3, 3) /*application='MisionesApp'*/[0m
  [1m[36mTRANSACTION (0.2ms)[0m  [1m[35mCOMMIT /*application='MisionesApp'*/[0m
  [1m[36mGuest Load (0.3ms)[0m  [1m[34mSELECT "guests".* FROM "guests" INNER JOIN "missions_target_guests" ON "guests"."id" = "missions_target_guests"."guest_id" WHERE "missions_target_guests"."mission_id" = 3 /*application='MisionesApp'*/[0m
  [1m[36mTRANSACTION (0.1ms)[0m  [1m[35mBEGIN /*application='MisionesApp'*/[0m
  [1m[36mMission::HABTM_TargetGuests Create (1.1ms)[0m  [1m[32mINSERT INTO "missions_target_guests" ("mission_id", "guest_id") VALUES (3, 3) /*application='MisionesApp'*/[0m
  [1m[36mTRANSACTION (0.2ms)[0m  [1m[35mCOMMIT /*application='MisionesApp'*/[0m
  [1m[36mGuest Load (0.2ms)[0m  [1m[34mSELECT "guests".* FROM "guests" INNER JOIN "guests_missions" ON "guests"."id" = "guests_missions"."guest_id" WHERE "guests_missions"."mission_id" = 4 /*application='MisionesApp'*/[0m
  [1m[36mGuest Load (0.2ms)[0m  [1m[34mSELECT "guests".* FROM "guests" INNER JOIN "missions_target_guests" ON "guests"."id" = "missions_target_guests"."guest_id" WHERE "missions_target_guests"."mission_id" = 4 /*application='MisionesApp'*/[0m
  [1m[36mTRANSACTION (0.1ms)[0m  [1m[35mBEGIN /*application='MisionesApp'*/[0m
  [1m[36mMission::HABTM_TargetGuests Create (0.9ms)[0m  [1m[32mINSERT INTO "missions_target_guests" ("mission_id", "guest_id") VALUES (4, 1) /*application='MisionesApp'*/[0m
  [1m[36mMission::HABTM_TargetGuests Create (0.1ms)[0m  [1m[32mINSERT INTO "missions_target_guests" ("mission_id", "guest_id") VALUES (4, 2) /*application='MisionesApp'*/[0m
  [1m[36mMission::HABTM_TargetGuests Create (0.2ms)[0m  [1m[32mINSERT INTO "missions_target_guests" ("mission_id", "guest_id") VALUES (4, 3) /*application='MisionesApp'*/[0m
  [1m[36mTRANSACTION (0.2ms)[0m  [1m[35mCOMMIT /*application='MisionesApp'*/[0m
  [1m[36mGuest Load (0.6ms)[0m  [1m[34mSELECT "guests".* FROM "guests" INNER JOIN "guests_missions" ON "guests"."id" = "guests_missions"."guest_id" WHERE "guests_missions"."mission_id" = 5 /*application='MisionesApp'*/[0m
  [1m[36mGuest Load (1.1ms)[0m  [1m[34mSELECT "guests".* FROM "guests" INNER JOIN "missions_target_guests" ON "guests"."id" = "missions_target_guests"."guest_id" WHERE "missions_target_guests"."mission_id" = 5 /*application='MisionesApp'*/[0m
  [1m[36mTRANSACTION (0.1ms)[0m  [1m[35mBEGIN /*application='MisionesApp'*/[0m
  [1m[36mMission::HABTM_TargetGuests Create (1.0ms)[0m  [1m[32mINSERT INTO "missions_target_guests" ("mission_id", "guest_id") VALUES (5, 1) /*application='MisionesApp'*/[0m
  [1m[36mMission::HABTM_TargetGuests Create (0.2ms)[0m  [1m[32mINSERT INTO "missions_target_guests" ("mission_id", "guest_id") VALUES (5, 2) /*application='MisionesApp'*/[0m
  [1m[36mMission::HABTM_TargetGuests Create (0.2ms)[0m  [1m[32mINSERT INTO "missions_target_guests" ("mission_id", "guest_id") VALUES (5, 3) /*application='MisionesApp'*/[0m
  [1m[36mTRANSACTION (0.3ms)[0m  [1m[35mCOMMIT /*application='MisionesApp'*/[0m
  [1m[36mTRANSACTION (0.1ms)[0m  [1m[35mBEGIN /*application='MisionesApp'*/[0m
  [1m[36mMissionAssignment Exists? (0.9ms)[0m  [1m[34mSELECT 1 AS one FROM "mission_assignments" WHERE "mission_assignments"."guest_id" = 1 AND "mission_assignments"."status" = 0 LIMIT 1 /*application='MisionesApp'*/[0m
  [1m[36mMissionAssignment Create (1.0ms)[0m  [1m[32mINSERT INTO "mission_assignments" ("guest_id", "mission_id", "status", "assigned_at", "completed_at", "created_at", "updated_at") VALUES (1, 2, 0, '2026-09-10 02:51:54.736337', NULL, '2026-09-10 03:01:54.742036', '2026-09-10 03:01:54.742036') RETURNING "id" /*application='MisionesApp'*/[0m
  [1m[36mTRANSACTION (0.2ms)[0m  [1m[35mCOMMIT /*application='MisionesApp'*/[0m
  [1m[36mTRANSACTION (0.1ms)[0m  [1m[35mBEGIN /*application='MisionesApp'*/[0m
  [1m[36mMissionAssignment Exists? (0.9ms)[0m  [1m[34mSELECT 1 AS one FROM "mission_assignments" WHERE "mission_assignments"."guest_id" = 3 AND "mission_assignments"."status" = 0 LIMIT 1 /*application='MisionesApp'*/[0m
  [1m[36mMissionAssignment Create (0.5ms)[0m  [1m[32mINSERT INTO "mission_assignments" ("guest_id", "mission_id", "status", "assigned_at", "completed_at", "created_at", "updated_at") VALUES (3, 4, 1, '2026-09-10 02:01:54.744376', '2026-09-10 02:31:54.744391', '2026-09-10 03:01:54.746005', '2026-09-10 03:01:54.746005') RETURNING "id" /*application='MisionesApp'*/[0m
  [1m[36mTRANSACTION (0.3ms)[0m  [1m[35mCOMMIT /*application='MisionesApp'*/[0m
  [1m[36mTRANSACTION (0.1ms)[0m  [1m[35mBEGIN /*application='MisionesApp'*/[0m
  [1m[36mGuest Update (0.8ms)[0m  [1m[33mUPDATE "guests" SET "points" = 30, "updated_at" = '2026-09-10 03:01:54.747987' WHERE "guests"."id" = 3 /*application='MisionesApp'*/[0m
  [1m[36mTRANSACTION (0.2ms)[0m  [1m[35mCOMMIT /*application='MisionesApp'*/[0m
  [1m[36mGuest Count (1.1ms)[0m  [1m[34mSELECT COUNT(*) FROM "guests" /*application='MisionesApp'*/[0m
  [1m[36mMission Count (0.1ms)[0m  [1m[34mSELECT COUNT(*) FROM "missions" /*application='MisionesApp'*/[0m
  [1m[36mMissionAssignment Count (0.1ms)[0m  [1m[34mSELECT COUNT(*) FROM "mission_assignments" /*application='MisionesApp'*/[0m
  [1m[36mGuest Load (0.1ms)[0m  [1m[34mSELECT "guests".* FROM "guests" ORDER BY "guests"."name" ASC /*application='MisionesApp'*/[0m
  [1m[36mMissionAssignment Load (0.2ms)[0m  [1m[34mSELECT "mission_assignments".* FROM "mission_assignments" WHERE "mission_assignments"."guest_id" = 2 AND "mission_assignments"."status" = 0 LIMIT 1 /*application='MisionesApp'*/[0m
  [1m[36mMissionAssignment Exists? (0.1ms)[0m  [1m[34mSELECT 1 AS one FROM "mission_assignments" WHERE "mission_assignments"."guest_id" = 2 AND "mission_assignments"."status" = 1 LIMIT 1 /*application='MisionesApp'*/[0m
  [1m[36mMissionAssignment Load (0.1ms)[0m  [1m[34mSELECT "mission_assignments".* FROM "mission_assignments" WHERE "mission_assignments"."guest_id" = 3 AND "mission_assignments"."status" = 0 LIMIT 1 /*application='MisionesApp'*/[0m
  [1m[36mMissionAssignment Exists? (0.1ms)[0m  [1m[34mSELECT 1 AS one FROM "mission_assignments" WHERE "mission_assignments"."guest_id" = 3 AND "mission_assignments"."status" = 1 LIMIT 1 /*application='MisionesApp'*/[0m
  [1m[36mMissionAssignment Load (0.1ms)[0m  [1m[34mSELECT "mission_assignments".* FROM "mission_assignments" WHERE "mission_assignments"."guest_id" = 1 AND "mission_assignments"."status" = 0 LIMIT 1 /*application='MisionesApp'*/[0m
  [1m[36mMission Load (0.2ms)[0m  [1m[34mSELECT "missions".* FROM "missions" INNER JOIN "mission_assignments" ON "missions"."id" = "mission_assignments"."mission_id" WHERE "mission_assignments"."guest_id" = 1 AND "mission_assignments"."status" = 0 LIMIT 1 /*application='MisionesApp'*/[0m
Using vips to process variants requires the libvips library. Please install libvips using the instructions on the libvips website.
  [1m[36mActiveRecord::SchemaMigration Load (2.4ms)[0m  [1m[34mSELECT "schema_migrations"."version" FROM "schema_migrations" ORDER BY "schema_migrations"."version" ASC /*application='MisionesApp'*/[0m
  [1m[36mMissionAssignment Delete All (1.8ms)[0m  [1m[31mDELETE FROM "mission_assignments" /*application='MisionesApp'*/[0m
  [1m[36mGuest Load (0.9ms)[0m  [1m[34mSELECT "guests".* FROM "guests" WHERE "guests"."name" = 'Valentina Cruz' LIMIT 1 /*application='MisionesApp'*/[0m
  [1m[36mGuest Load (0.2ms)[0m  [1m[34mSELECT "guests".* FROM "guests" WHERE "guests"."name" = 'Marcos Ríos' LIMIT 1 /*application='MisionesApp'*/[0m
  [1m[36mGuest Load (0.1ms)[0m  [1m[34mSELECT "guests".* FROM "guests" WHERE "guests"."name" = 'Sofía Mendez' LIMIT 1 /*application='MisionesApp'*/[0m
  [1m[36mTRANSACTION (0.0ms)[0m  [1m[35mBEGIN /*application='MisionesApp'*/[0m
  [1m[36mGuest Update (0.9ms)[0m  [1m[33mUPDATE "guests" SET "points" = 0, "updated_at" = '2026-09-10 03:02:17.023620' WHERE "guests"."id" = 3 /*application='MisionesApp'*/[0m
  [1m[36mTRANSACTION (0.2ms)[0m  [1m[35mCOMMIT /*application='MisionesApp'*/[0m
  [1m[36mMission Load (0.9ms)[0m  [1m[34mSELECT "missions".* FROM "missions" WHERE "missions"."description" = 'Consigue que Valentina Cruz te enseñe su mejor baile sin que sepa que es tu misión. Tienes 5 minutos.' LIMIT 1 /*application='MisionesApp'*/[0m
  [1m[36mMission Load (0.3ms)[0m  [1m[34mSELECT "missions".* FROM "missions" WHERE "missions"."description" = 'Convence a Marcos Ríos de que cante aunque sea una estrofa de una canción frente a todos.' LIMIT 1 /*application='MisionesApp'*/[0m
  [1m[36mMission Load (0.2ms)[0m  [1m[34mSELECT "missions".* FROM "missions" WHERE "missions"."description" = 'Haz que Sofía Mendez te cuente un secreto (puede ser inventado). El chiste es que lo diga en voz alta.' LIMIT 1 /*application='MisionesApp'*/[0m
  [1m[36mMission Load (0.1ms)[0m  [1m[34mSELECT "missions".* FROM "missions" WHERE "missions"."description" = 'Tómate una foto grupal con al menos 4 personas que incluya al menos dos de los invitados especiales. Muéstrasela al admin para ganar los puntos.' LIMIT 1 /*application='MisionesApp'*/[0m
  [1m[36mMission Load (0.2ms)[0m  [1m[34mSELECT "missions".* FROM "missions" WHERE "missions"."description" = 'Organiza un brindis de al menos 6 personas. Tú debes dar el discurso. No importa si es corto.' LIMIT 1 /*application='MisionesApp'*/[0m
  [1m[36mGuest Load (1.4ms)[0m  [1m[34mSELECT "guests".* FROM "guests" INNER JOIN "guests_missions" ON "guests"."id" = "guests_missions"."guest_id" WHERE "guests_missions"."mission_id" = 1 /*application='MisionesApp'*/[0m
  [1m[36mGuest Load (1.3ms)[0m  [1m[34mSELECT "guests".* FROM "guests" INNER JOIN "missions_target_guests" ON "guests"."id" = "missions_target_guests"."guest_id" WHERE "missions_target_guests"."mission_id" = 1 /*application='MisionesApp'*/[0m
  [1m[36mGuest Load (0.3ms)[0m  [1m[34mSELECT "guests".* FROM "guests" INNER JOIN "guests_missions" ON "guests"."id" = "guests_missions"."guest_id" WHERE "guests_missions"."mission_id" = 2 /*application='MisionesApp'*/[0m
  [1m[36mGuest Load (0.3ms)[0m  [1m[34mSELECT "guests".* FROM "guests" INNER JOIN "missions_target_guests" ON "guests"."id" = "missions_target_guests"."guest_id" WHERE "missions_target_guests"."mission_id" = 2 /*application='MisionesApp'*/[0m
  [1m[36mGuest Load (0.3ms)[0m  [1m[34mSELECT "guests".* FROM "guests" INNER JOIN "guests_missions" ON "guests"."id" = "guests_missions"."guest_id" WHERE "guests_missions"."mission_id" = 3 /*application='MisionesApp'*/[0m
  [1m[36mGuest Load (0.3ms)[0m  [1m[34mSELECT "guests".* FROM "guests" INNER JOIN "missions_target_guests" ON "guests"."id" = "missions_target_guests"."guest_id" WHERE "missions_target_guests"."mission_id" = 3 /*application='MisionesApp'*/[0m
  [1m[36mGuest Load (0.3ms)[0m  [1m[34mSELECT "guests".* FROM "guests" INNER JOIN "guests_missions" ON "guests"."id" = "guests_missions"."guest_id" WHERE "guests_missions"."mission_id" = 4 /*application='MisionesApp'*/[0m
  [1m[36mGuest Load (0.2ms)[0m  [1m[34mSELECT "guests".* FROM "guests" INNER JOIN "missions_target_guests" ON "guests"."id" = "missions_target_guests"."guest_id" WHERE "missions_target_guests"."mission_id" = 4 /*application='MisionesApp'*/[0m
  [1m[36mGuest Load (0.1ms)[0m  [1m[34mSELECT "guests".* FROM "guests" INNER JOIN "guests_missions" ON "guests"."id" = "guests_missions"."guest_id" WHERE "guests_missions"."mission_id" = 5 /*application='MisionesApp'*/[0m
  [1m[36mGuest Load (0.2ms)[0m  [1m[34mSELECT "guests".* FROM "guests" INNER JOIN "missions_target_guests" ON "guests"."id" = "missions_target_guests"."guest_id" WHERE "missions_target_guests"."mission_id" = 5 /*application='MisionesApp'*/[0m
  [1m[36mTRANSACTION (0.1ms)[0m  [1m[35mBEGIN /*application='MisionesApp'*/[0m
  [1m[36mMissionAssignment Exists? (1.2ms)[0m  [1m[34mSELECT 1 AS one FROM "mission_assignments" WHERE "mission_assignments"."guest_id" = 1 AND "mission_assignments"."status" = 0 LIMIT 1 /*application='MisionesApp'*/[0m
  [1m[36mMissionAssignment Create (1.2ms)[0m  [1m[32mINSERT INTO "mission_assignments" ("guest_id", "mission_id", "status", "assigned_at", "completed_at", "created_at", "updated_at") VALUES (1, 2, 0, '2026-09-10 02:52:17.057574', NULL, '2026-09-10 03:02:17.062445', '2026-09-10 03:02:17.062445') RETURNING "id" /*application='MisionesApp'*/[0m
  [1m[36mTRANSACTION (0.2ms)[0m  [1m[35mCOMMIT /*application='MisionesApp'*/[0m
  [1m[36mTRANSACTION (0.1ms)[0m  [1m[35mBEGIN /*application='MisionesApp'*/[0m
  [1m[36mMissionAssignment Exists? (0.8ms)[0m  [1m[34mSELECT 1 AS one FROM "mission_assignments" WHERE "mission_assignments"."guest_id" = 3 AND "mission_assignments"."status" = 0 LIMIT 1 /*application='MisionesApp'*/[0m
  [1m[36mMissionAssignment Create (0.5ms)[0m  [1m[32mINSERT INTO "mission_assignments" ("guest_id", "mission_id", "status", "assigned_at", "completed_at", "created_at", "updated_at") VALUES (3, 4, 1, '2026-09-10 02:02:17.065341', '2026-09-10 02:32:17.065356', '2026-09-10 03:02:17.066974', '2026-09-10 03:02:17.066974') RETURNING "id" /*application='MisionesApp'*/[0m
  [1m[36mTRANSACTION (0.3ms)[0m  [1m[35mCOMMIT /*application='MisionesApp'*/[0m
  [1m[36mTRANSACTION (0.1ms)[0m  [1m[35mBEGIN /*application='MisionesApp'*/[0m
  [1m[36mGuest Update (0.9ms)[0m  [1m[33mUPDATE "guests" SET "points" = 30, "updated_at" = '2026-09-10 03:02:17.068826' WHERE "guests"."id" = 3 /*application='MisionesApp'*/[0m
  [1m[36mTRANSACTION (0.2ms)[0m  [1m[35mCOMMIT /*application='MisionesApp'*/[0m
  [1m[36mGuest Count (0.3ms)[0m  [1m[34mSELECT COUNT(*) FROM "guests" /*application='MisionesApp'*/[0m
  [1m[36mMission Count (0.2ms)[0m  [1m[34mSELECT COUNT(*) FROM "missions" /*application='MisionesApp'*/[0m
  [1m[36mMissionAssignment Count (0.1ms)[0m  [1m[34mSELECT COUNT(*) FROM "mission_assignments" /*application='MisionesApp'*/[0m
  [1m[36mGuest Load (0.2ms)[0m  [1m[34mSELECT "guests".* FROM "guests" ORDER BY "guests"."name" ASC /*application='MisionesApp'*/[0m
  [1m[36mMissionAssignment Load (0.2ms)[0m  [1m[34mSELECT "mission_assignments".* FROM "mission_assignments" WHERE "mission_assignments"."guest_id" = 2 AND "mission_assignments"."status" = 0 LIMIT 1 /*application='MisionesApp'*/[0m
  [1m[36mMissionAssignment Exists? (0.1ms)[0m  [1m[34mSELECT 1 AS one FROM "mission_assignments" WHERE "mission_assignments"."guest_id" = 2 AND "mission_assignments"."status" = 1 LIMIT 1 /*application='MisionesApp'*/[0m
  [1m[36mMissionAssignment Load (0.1ms)[0m  [1m[34mSELECT "mission_assignments".* FROM "mission_assignments" WHERE "mission_assignments"."guest_id" = 3 AND "mission_assignments"."status" = 0 LIMIT 1 /*application='MisionesApp'*/[0m
  [1m[36mMissionAssignment Exists? (0.1ms)[0m  [1m[34mSELECT 1 AS one FROM "mission_assignments" WHERE "mission_assignments"."guest_id" = 3 AND "mission_assignments"."status" = 1 LIMIT 1 /*application='MisionesApp'*/[0m
  [1m[36mMissionAssignment Load (0.2ms)[0m  [1m[34mSELECT "mission_assignments".* FROM "mission_assignments" WHERE "mission_assignments"."guest_id" = 1 AND "mission_assignments"."status" = 0 LIMIT 1 /*application='MisionesApp'*/[0m
  [1m[36mMission Load (0.5ms)[0m  [1m[34mSELECT "missions".* FROM "missions" INNER JOIN "mission_assignments" ON "missions"."id" = "mission_assignments"."mission_id" WHERE "mission_assignments"."guest_id" = 1 AND "mission_assignments"."status" = 0 LIMIT 1 /*application='MisionesApp'*/[0m
Using vips to process variants requires the libvips library. Please install libvips using the instructions on the libvips website.
Using vips to process variants requires the libvips library. Please install libvips using the instructions on the libvips website.
Using vips to process variants requires the libvips library. Please install libvips using the instructions on the libvips website.
  [1m[35mSQL (0.3ms)[0m  [1m[35mSET search_path TO public /*application='MisionesApp'*/[0m
  [1m[35m (44.7ms)[0m  [1m[35mCREATE DATABASE "misiones_app_development" ENCODING = 'unicode' /*application='MisionesApp'*/[0m
  [1m[35mSQL (0.1ms)[0m  [1m[35mSET search_path TO public /*application='MisionesApp'*/[0m
  [1m[35m (11.4ms)[0m  [1m[35mCREATE DATABASE "misiones_app_test" ENCODING = 'unicode' /*application='MisionesApp'*/[0m
Using vips to process variants requires the libvips library. Please install libvips using the instructions on the libvips website.
  [1m[35m (0.4ms)[0m  [1m[34mSELECT pg_try_advisory_lock(2427962059449269910) /*application='MisionesApp'*/[0m
  [1m[36mActiveRecord::SchemaMigration Load (1.8ms)[0m  [1m[34mSELECT "schema_migrations"."version" FROM "schema_migrations" ORDER BY "schema_migrations"."version" ASC /*application='MisionesApp'*/[0m
  [1m[36mActiveRecord::InternalMetadata Load (2.0ms)[0m  [1m[34mSELECT * FROM "ar_internal_metadata" WHERE "ar_internal_metadata"."key" = 'environment' ORDER BY "ar_internal_metadata"."key" ASC LIMIT 1 /*application='MisionesApp'*/[0m
  [1m[35m (0.2ms)[0m  [1m[34mSELECT pg_advisory_unlock(2427962059449269910) /*application='MisionesApp'*/[0m
  [1m[36mActiveRecord::SchemaMigration Load (0.1ms)[0m  [1m[34mSELECT "schema_migrations"."version" FROM "schema_migrations" ORDER BY "schema_migrations"."version" ASC /*application='MisionesApp'*/[0m
  [1m[35mSQL (0.1ms)[0m  [1m[35mSET search_path TO public /*application='MisionesApp'*/[0m
  [1m[35mSQL (0.2ms)[0m  [1m[35mSET search_path TO "$user", public /*application='MisionesApp'*/[0m
  [1m[35mSQL (0.1ms)[0m  [1m[35mSET search_path TO public /*application='MisionesApp'*/[0m
  [1m[35mSQL (0.0ms)[0m  [1m[35mSET search_path TO "$user", public /*application='MisionesApp'*/[0m
Using vips to process variants requires the libvips library. Please install libvips using the instructions on the libvips website.
  [1m[36mActiveRecord::SchemaMigration Load (3.4ms)[0m  [1m[34mSELECT "schema_migrations"."version" FROM "schema_migrations" ORDER BY "schema_migrations"."version" ASC /*application='MisionesApp'*/[0m
  [1m[36mMissionAssignment Delete All (3.1ms)[0m  [1m[31mDELETE FROM "mission_assignments" /*application='MisionesApp'*/[0m
  [1m[36mGuest Load (0.9ms)[0m  [1m[34mSELECT "guests".* FROM "guests" WHERE "guests"."name" = 'Valentina Cruz' LIMIT 1 /*application='MisionesApp'*/[0m
  [1m[36mGuest Load (0.4ms)[0m  [1m[34mSELECT "guests".* FROM "guests" WHERE "guests"."name" = 'Marcos Ríos' LIMIT 1 /*application='MisionesApp'*/[0m
  [1m[36mGuest Load (0.2ms)[0m  [1m[34mSELECT "guests".* FROM "guests" WHERE "guests"."name" = 'Sofía Mendez' LIMIT 1 /*application='MisionesApp'*/[0m
  [1m[36mTRANSACTION (0.1ms)[0m  [1m[35mBEGIN /*application='MisionesApp'*/[0m
  [1m[36mGuest Update (1.2ms)[0m  [1m[33mUPDATE "guests" SET "points" = 0, "updated_at" = '2026-09-10 03:12:20.801062' WHERE "guests"."id" = 3 /*application='MisionesApp'*/[0m
  [1m[36mTRANSACTION (0.4ms)[0m  [1m[35mCOMMIT /*application='MisionesApp'*/[0m
  [1m[36mMission Load (1.5ms)[0m  [1m[34mSELECT "missions".* FROM "missions" WHERE "missions"."description" = 'Consigue que Valentina Cruz te enseñe su mejor baile sin que sepa que es tu misión. Tienes 5 minutos.' LIMIT 1 /*application='MisionesApp'*/[0m
  [1m[36mMission Load (0.4ms)[0m  [1m[34mSELECT "missions".* FROM "missions" WHERE "missions"."description" = 'Convence a Marcos Ríos de que cante aunque sea una estrofa de una canción frente a todos.' LIMIT 1 /*application='MisionesApp'*/[0m
  [1m[36mMission Load (0.2ms)[0m  [1m[34mSELECT "missions".* FROM "missions" WHERE "missions"."description" = 'Haz que Sofía Mendez te cuente un secreto (puede ser inventado). El chiste es que lo diga en voz alta.' LIMIT 1 /*application='MisionesApp'*/[0m
  [1m[36mMission Load (0.1ms)[0m  [1m[34mSELECT "missions".* FROM "missions" WHERE "missions"."description" = 'Tómate una foto grupal con al menos 4 personas que incluya al menos dos de los invitados especiales. Muéstrasela al admin para ganar los puntos.' LIMIT 1 /*application='MisionesApp'*/[0m
  [1m[36mMission Load (0.1ms)[0m  [1m[34mSELECT "missions".* FROM "missions" WHERE "missions"."description" = 'Organiza un brindis de al menos 6 personas. Tú debes dar el discurso. No importa si es corto.' LIMIT 1 /*application='MisionesApp'*/[0m
  [1m[36mGuest Load (1.3ms)[0m  [1m[34mSELECT "guests".* FROM "guests" INNER JOIN "guests_missions" ON "guests"."id" = "guests_missions"."guest_id" WHERE "guests_missions"."mission_id" = 1 /*application='MisionesApp'*/[0m
  [1m[36mGuest Load (1.1ms)[0m  [1m[34mSELECT "guests".* FROM "guests" INNER JOIN "missions_target_guests" ON "guests"."id" = "missions_target_guests"."guest_id" WHERE "missions_target_guests"."mission_id" = 1 /*application='MisionesApp'*/[0m
  [1m[36mGuest Load (0.4ms)[0m  [1m[34mSELECT "guests".* FROM "guests" INNER JOIN "guests_missions" ON "guests"."id" = "guests_missions"."guest_id" WHERE "guests_missions"."mission_id" = 2 /*application='MisionesApp'*/[0m
  [1m[36mGuest Load (0.4ms)[0m  [1m[34mSELECT "guests".* FROM "guests" INNER JOIN "missions_target_guests" ON "guests"."id" = "missions_target_guests"."guest_id" WHERE "missions_target_guests"."mission_id" = 2 /*application='MisionesApp'*/[0m
  [1m[36mGuest Load (0.3ms)[0m  [1m[34mSELECT "guests".* FROM "guests" INNER JOIN "guests_missions" ON "guests"."id" = "guests_missions"."guest_id" WHERE "guests_missions"."mission_id" = 3 /*application='MisionesApp'*/[0m
  [1m[36mGuest Load (0.5ms)[0m  [1m[34mSELECT "guests".* FROM "guests" INNER JOIN "missions_target_guests" ON "guests"."id" = "missions_target_guests"."guest_id" WHERE "missions_target_guests"."mission_id" = 3 /*application='MisionesApp'*/[0m
  [1m[36mGuest Load (0.4ms)[0m  [1m[34mSELECT "guests".* FROM "guests" INNER JOIN "guests_missions" ON "guests"."id" = "guests_missions"."guest_id" WHERE "guests_missions"."mission_id" = 4 /*application='MisionesApp'*/[0m
  [1m[36mGuest Load (0.5ms)[0m  [1m[34mSELECT "guests".* FROM "guests" INNER JOIN "missions_target_guests" ON "guests"."id" = "missions_target_guests"."guest_id" WHERE "missions_target_guests"."mission_id" = 4 /*application='MisionesApp'*/[0m
  [1m[36mGuest Load (0.4ms)[0m  [1m[34mSELECT "guests".* FROM "guests" INNER JOIN "guests_missions" ON "guests"."id" = "guests_missions"."guest_id" WHERE "guests_missions"."mission_id" = 5 /*application='MisionesApp'*/[0m
  [1m[36mGuest Load (0.3ms)[0m  [1m[34mSELECT "guests".* FROM "guests" INNER JOIN "missions_target_guests" ON "guests"."id" = "missions_target_guests"."guest_id" WHERE "missions_target_guests"."mission_id" = 5 /*application='MisionesApp'*/[0m
  [1m[36mTRANSACTION (0.1ms)[0m  [1m[35mBEGIN /*application='MisionesApp'*/[0m
  [1m[36mMissionAssignment Exists? (0.9ms)[0m  [1m[34mSELECT 1 AS one FROM "mission_assignments" WHERE "mission_assignments"."guest_id" = 1 AND "mission_assignments"."status" = 0 LIMIT 1 /*application='MisionesApp'*/[0m
  [1m[36mMissionAssignment Create (1.3ms)[0m  [1m[32mINSERT INTO "mission_assignments" ("guest_id", "mission_id", "status", "assigned_at", "completed_at", "created_at", "updated_at") VALUES (1, 2, 0, '2026-09-10 03:02:20.837115', NULL, '2026-09-10 03:12:20.841499', '2026-09-10 03:12:20.841499') RETURNING "id" /*application='MisionesApp'*/[0m
  [1m[36mTRANSACTION (0.5ms)[0m  [1m[35mCOMMIT /*application='MisionesApp'*/[0m
  [1m[36mTRANSACTION (0.1ms)[0m  [1m[35mBEGIN /*application='MisionesApp'*/[0m
  [1m[36mMissionAssignment Exists? (0.8ms)[0m  [1m[34mSELECT 1 AS one FROM "mission_assignments" WHERE "mission_assignments"."guest_id" = 3 AND "mission_assignments"."status" = 0 LIMIT 1 /*application='MisionesApp'*/[0m
  [1m[36mMissionAssignment Create (0.9ms)[0m  [1m[32mINSERT INTO "mission_assignments" ("guest_id", "mission_id", "status", "assigned_at", "completed_at", "created_at", "updated_at") VALUES (3, 4, 1, '2026-09-10 02:12:20.844306', '2026-09-10 02:42:20.844317', '2026-09-10 03:12:20.845759', '2026-09-10 03:12:20.845759') RETURNING "id" /*application='MisionesApp'*/[0m
  [1m[36mTRANSACTION (0.2ms)[0m  [1m[35mCOMMIT /*application='MisionesApp'*/[0m
  [1m[36mTRANSACTION (0.1ms)[0m  [1m[35mBEGIN /*application='MisionesApp'*/[0m
  [1m[36mGuest Update (1.3ms)[0m  [1m[33mUPDATE "guests" SET "points" = 30, "updated_at" = '2026-09-10 03:12:20.847946' WHERE "guests"."id" = 3 /*application='MisionesApp'*/[0m
  [1m[36mTRANSACTION (0.5ms)[0m  [1m[35mCOMMIT /*application='MisionesApp'*/[0m
  [1m[36mGuest Count (0.3ms)[0m  [1m[34mSELECT COUNT(*) FROM "guests" /*application='MisionesApp'*/[0m
  [1m[36mMission Count (0.2ms)[0m  [1m[34mSELECT COUNT(*) FROM "missions" /*application='MisionesApp'*/[0m
  [1m[36mMissionAssignment Count (0.1ms)[0m  [1m[34mSELECT COUNT(*) FROM "mission_assignments" /*application='MisionesApp'*/[0m
  [1m[36mGuest Load (0.2ms)[0m  [1m[34mSELECT "guests".* FROM "guests" ORDER BY "guests"."name" ASC /*application='MisionesApp'*/[0m
  [1m[36mMissionAssignment Load (0.2ms)[0m  [1m[34mSELECT "mission_assignments".* FROM "mission_assignments" WHERE "mission_assignments"."guest_id" = 2 AND "mission_assignments"."status" = 0 LIMIT 1 /*application='MisionesApp'*/[0m
  [1m[36mMissionAssignment Exists? (0.2ms)[0m  [1m[34mSELECT 1 AS one FROM "mission_assignments" WHERE "mission_assignments"."guest_id" = 2 AND "mission_assignments"."status" = 1 LIMIT 1 /*application='MisionesApp'*/[0m
  [1m[36mMissionAssignment Load (0.3ms)[0m  [1m[34mSELECT "mission_assignments".* FROM "mission_assignments" WHERE "mission_assignments"."guest_id" = 3 AND "mission_assignments"."status" = 0 LIMIT 1 /*application='MisionesApp'*/[0m
  [1m[36mMissionAssignment Exists? (0.4ms)[0m  [1m[34mSELECT 1 AS one FROM "mission_assignments" WHERE "mission_assignments"."guest_id" = 3 AND "mission_assignments"."status" = 1 LIMIT 1 /*application='MisionesApp'*/[0m
  [1m[36mMissionAssignment Load (0.4ms)[0m  [1m[34mSELECT "mission_assignments".* FROM "mission_assignments" WHERE "mission_assignments"."guest_id" = 1 AND "mission_assignments"."status" = 0 LIMIT 1 /*application='MisionesApp'*/[0m
  [1m[36mMission Load (0.4ms)[0m  [1m[34mSELECT "missions".* FROM "missions" INNER JOIN "mission_assignments" ON "missions"."id" = "mission_assignments"."mission_id" WHERE "mission_assignments"."guest_id" = 1 AND "mission_assignments"."status" = 0 LIMIT 1 /*application='MisionesApp'*/[0m
Using vips to process variants requires the libvips library. Please install libvips using the instructions on the libvips website.
Started GET "/" for ::1 at 2026-09-10 00:12:50 -0300
  [1m[36mActiveRecord::SchemaMigration Load (1.5ms)[0m  [1m[34mSELECT "schema_migrations"."version" FROM "schema_migrations" ORDER BY "schema_migrations"."version" ASC /*application='MisionesApp'*/[0m
Processing by GuestsController#index as HTML
  Rendering layout layouts/application.html.erb
  Rendering guests/index.html.erb within layouts/application
  [1m[36mGuest Exists? (1.1ms)[0m  [1m[34mSELECT 1 AS one FROM "guests" LIMIT 1 /*action='index',application='MisionesApp',controller='guests'*/[0m
  ↳ app/views/guests/index.html.erb:15
  [1m[36mGuest Load (0.5ms)[0m  [1m[34mSELECT "guests".* FROM "guests" ORDER BY "guests"."name" ASC /*action='index',application='MisionesApp',controller='guests'*/[0m
  ↳ app/views/guests/index.html.erb:17
  Rendered guests/index.html.erb within layouts/application (Duration: 8.2ms | GC: 0.0ms)
  Rendered layout layouts/application.html.erb (Duration: 14.6ms | GC: 0.0ms)
Completed 200 OK in 58ms (Views: 15.8ms | ActiveRecord: 16.5ms (2 queries, 0 cached) | GC: 0.0ms)


Started GET "/guests/2/verification?step=1" for ::1 at 2026-09-10 00:12:51 -0300
Processing by VerificationsController#show as HTML
  Parameters: {"step" => "1", "guest_id" => "2"}
  [1m[36mGuest Load (1.0ms)[0m  [1m[34mSELECT "guests".* FROM "guests" WHERE "guests"."id" = 2 LIMIT 1 /*action='show',application='MisionesApp',controller='verifications'*/[0m
  ↳ app/controllers/verifications_controller.rb:51:in 'VerificationsController#set_guest'
Completed 500 Internal Server Error in 8ms (ActiveRecord: 1.0ms (1 query, 0 cached) | GC: 0.0ms)


  
ArgumentError (wrong number of arguments (given 2, expected 1)):
  
app/controllers/verifications_controller.rb:21:in 'VerificationsController#show'
Started GET "/guests/3/verification?step=1" for ::1 at 2026-09-10 00:12:54 -0300
Processing by VerificationsController#show as HTML
  Parameters: {"step" => "1", "guest_id" => "3"}
  [1m[36mGuest Load (0.6ms)[0m  [1m[34mSELECT "guests".* FROM "guests" WHERE "guests"."id" = 3 LIMIT 1 /*action='show',application='MisionesApp',controller='verifications'*/[0m
  ↳ app/controllers/verifications_controller.rb:51:in 'VerificationsController#set_guest'
Completed 500 Internal Server Error in 6ms (ActiveRecord: 0.6ms (1 query, 0 cached) | GC: 0.0ms)


  
ArgumentError (wrong number of arguments (given 2, expected 1)):
  
app/controllers/verifications_controller.rb:21:in 'VerificationsController#show'
Started GET "/guests/1/verification?step=1" for ::1 at 2026-09-10 00:12:55 -0300
Processing by VerificationsController#show as HTML
  Parameters: {"step" => "1", "guest_id" => "1"}
  [1m[36mGuest Load (0.8ms)[0m  [1m[34mSELECT "guests".* FROM "guests" WHERE "guests"."id" = 1 LIMIT 1 /*action='show',application='MisionesApp',controller='verifications'*/[0m
  ↳ app/controllers/verifications_controller.rb:51:in 'VerificationsController#set_guest'
Completed 500 Internal Server Error in 4ms (ActiveRecord: 0.7ms (1 query, 0 cached) | GC: 0.0ms)


  
ArgumentError (wrong number of arguments (given 2, expected 1)):
  
app/controllers/verifications_controller.rb:21:in 'VerificationsController#show'
Started GET "/" for ::1 at 2026-09-10 00:12:58 -0300
Started GET "/favicon.ico" for ::1 at 2026-09-10 00:12:58 -0300
Processing by GuestsController#index as HTML
  
ActionController::RoutingError (No route matches [GET] "/favicon.ico"):
  
  Rendering layout layouts/application.html.erb
  Rendering guests/index.html.erb within layouts/application
  [1m[36mGuest Exists? (10.0ms)[0m  [1m[34mSELECT 1 AS one FROM "guests" LIMIT 1 /*action='index',application='MisionesApp',controller='guests'*/[0m
  ↳ app/views/guests/index.html.erb:15
  [1m[36mGuest Load (0.4ms)[0m  [1m[34mSELECT "guests".* FROM "guests" ORDER BY "guests"."name" ASC /*action='index',application='MisionesApp',controller='guests'*/[0m
  ↳ app/views/guests/index.html.erb:17
  Rendered guests/index.html.erb within layouts/application (Duration: 13.0ms | GC: 0.6ms)
  Rendered layout layouts/application.html.erb (Duration: 14.0ms | GC: 0.6ms)
Completed 500 Internal Server Error in 44ms (ActiveRecord: 10.4ms (2 queries, 0 cached) | GC: 3.7ms)


  
ActionView::Template::Error (wrong number of arguments (given 2, expected 1))
Caused by: ArgumentError (wrong number of arguments (given 2, expected 1))

Information for: ActionView::Template::Error (wrong number of arguments (given 2, expected 1)):
     7:     <meta name="mobile-web-app-capable" content="yes">
     8:     <meta name="theme-color" content="#073B4C">
     9:     <%= csrf_meta_tags %>
    10:     <%= csp_meta_tag %>
    11:     <%= yield :head %>
    12:     <link rel="icon" href="/icon.png" type="image/png">
    13:     <link rel="apple-touch-icon" href="/icon.png">
  
app/views/layouts/application.html.erb:10

Information for cause: ArgumentError (wrong number of arguments (given 2, expected 1)):
  
app/views/layouts/application.html.erb:10
Started GET "/favicon.ico" for ::1 at 2026-09-10 00:12:58 -0300
  
ActionController::RoutingError (No route matches [GET] "/favicon.ico"):
  
Started GET "/" for ::1 at 2026-09-10 00:13:13 -0300
Processing by GuestsController#index as HTML
  Rendering layout layouts/application.html.erb
  Rendering guests/index.html.erb within layouts/application
  [1m[36mGuest Exists? (0.9ms)[0m  [1m[34mSELECT 1 AS one FROM "guests" LIMIT 1 /*action='index',application='MisionesApp',controller='guests'*/[0m
  ↳ app/views/guests/index.html.erb:15
  [1m[36mGuest Load (0.4ms)[0m  [1m[34mSELECT "guests".* FROM "guests" ORDER BY "guests"."name" ASC /*action='index',application='MisionesApp',controller='guests'*/[0m
  ↳ app/views/guests/index.html.erb:17
  Rendered guests/index.html.erb within layouts/application (Duration: 16.9ms | GC: 10.7ms)
  Rendered layout layouts/application.html.erb (Duration: 18.2ms | GC: 10.7ms)
Completed 500 Internal Server Error in 24ms (ActiveRecord: 1.3ms (2 queries, 0 cached) | GC: 10.7ms)


  
ActionView::Template::Error (wrong number of arguments (given 2, expected 1))
Caused by: ArgumentError (wrong number of arguments (given 2, expected 1))

Information for: ActionView::Template::Error (wrong number of arguments (given 2, expected 1)):
     7:     <meta name="mobile-web-app-capable" content="yes">
     8:     <meta name="theme-color" content="#073B4C">
     9:     <%= csrf_meta_tags %>
    10:     <%= csp_meta_tag %>
    11:     <%= yield :head %>
    12:     <link rel="icon" href="/icon.png" type="image/png">
    13:     <link rel="apple-touch-icon" href="/icon.png">
  
app/views/layouts/application.html.erb:10

Information for cause: ArgumentError (wrong number of arguments (given 2, expected 1)):
  
app/views/layouts/application.html.erb:10
Started GET "/favicon.ico" for ::1 at 2026-09-10 00:13:14 -0300
  
ActionController::RoutingError (No route matches [GET] "/favicon.ico"):
  
Started GET "/" for ::1 at 2026-09-10 00:13:16 -0300
Processing by GuestsController#index as HTML
  Rendering layout layouts/application.html.erb
  Rendering guests/index.html.erb within layouts/application
  [1m[36mGuest Exists? (0.4ms)[0m  [1m[34mSELECT 1 AS one FROM "guests" LIMIT 1 /*action='index',application='MisionesApp',controller='guests'*/[0m
  ↳ app/views/guests/index.html.erb:15
  [1m[36mGuest Load (0.2ms)[0m  [1m[34mSELECT "guests".* FROM "guests" ORDER BY "guests"."name" ASC /*action='index',application='MisionesApp',controller='guests'*/[0m
  ↳ app/views/guests/index.html.erb:17
  Rendered guests/index.html.erb within layouts/application (Duration: 3.8ms | GC: 0.2ms)
  Rendered layout layouts/application.html.erb (Duration: 4.9ms | GC: 0.2ms)
Completed 500 Internal Server Error in 7ms (ActiveRecord: 0.6ms (2 queries, 0 cached) | GC: 0.2ms)


  
ActionView::Template::Error (wrong number of arguments (given 2, expected 1))
Caused by: ArgumentError (wrong number of arguments (given 2, expected 1))

Information for: ActionView::Template::Error (wrong number of arguments (given 2, expected 1)):
     7:     <meta name="mobile-web-app-capable" content="yes">
     8:     <meta name="theme-color" content="#073B4C">
     9:     <%= csrf_meta_tags %>
    10:     <%= csp_meta_tag %>
    11:     <%= yield :head %>
    12:     <link rel="icon" href="/icon.png" type="image/png">
    13:     <link rel="apple-touch-icon" href="/icon.png">
  
app/views/layouts/application.html.erb:10

Information for cause: ArgumentError (wrong number of arguments (given 2, expected 1)):
  
app/views/layouts/application.html.erb:10
Started GET "/favicon.ico" for ::1 at 2026-09-10 00:13:16 -0300
  
ActionController::RoutingError (No route matches [GET] "/favicon.ico"):
  
Started GET "/" for ::1 at 2026-09-10 00:13:20 -0300
Processing by GuestsController#index as HTML
  Rendering layout layouts/application.html.erb
  Rendering guests/index.html.erb within layouts/application
  [1m[36mGuest Exists? (0.4ms)[0m  [1m[34mSELECT 1 AS one FROM "guests" LIMIT 1 /*action='index',application='MisionesApp',controller='guests'*/[0m
  ↳ app/views/guests/index.html.erb:15
  [1m[36mGuest Load (0.2ms)[0m  [1m[34mSELECT "guests".* FROM "guests" ORDER BY "guests"."name" ASC /*action='index',application='MisionesApp',controller='guests'*/[0m
  ↳ app/views/guests/index.html.erb:17
  Rendered guests/index.html.erb within layouts/application (Duration: 4.0ms | GC: 0.0ms)
  Rendered layout layouts/application.html.erb (Duration: 5.3ms | GC: 0.0ms)
Completed 500 Internal Server Error in 8ms (ActiveRecord: 0.7ms (2 queries, 0 cached) | GC: 0.0ms)


  
ActionView::Template::Error (wrong number of arguments (given 2, expected 1))
Caused by: ArgumentError (wrong number of arguments (given 2, expected 1))

Information for: ActionView::Template::Error (wrong number of arguments (given 2, expected 1)):
     7:     <meta name="mobile-web-app-capable" content="yes">
     8:     <meta name="theme-color" content="#073B4C">
     9:     <%= csrf_meta_tags %>
    10:     <%= csp_meta_tag %>
    11:     <%= yield :head %>
    12:     <link rel="icon" href="/icon.png" type="image/png">
    13:     <link rel="apple-touch-icon" href="/icon.png">
  
app/views/layouts/application.html.erb:10

Information for cause: ArgumentError (wrong number of arguments (given 2, expected 1)):
  
app/views/layouts/application.html.erb:10
Started GET "/favicon.ico" for ::1 at 2026-09-10 00:13:20 -0300
  
ActionController::RoutingError (No route matches [GET] "/favicon.ico"):
  
Started GET "/" for ::1 at 2026-09-10 00:13:49 -0300
Processing by GuestsController#index as HTML
  Rendering layout layouts/application.html.erb
  Rendering guests/index.html.erb within layouts/application
  [1m[36mGuest Exists? (1.1ms)[0m  [1m[34mSELECT 1 AS one FROM "guests" LIMIT 1 /*action='index',application='MisionesApp',controller='guests'*/[0m
  ↳ app/views/guests/index.html.erb:15
  [1m[36mGuest Load (0.4ms)[0m  [1m[34mSELECT "guests".* FROM "guests" ORDER BY "guests"."name" ASC /*action='index',application='MisionesApp',controller='guests'*/[0m
  ↳ app/views/guests/index.html.erb:17
  Rendered guests/index.html.erb within layouts/application (Duration: 8.6ms | GC: 0.0ms)
  Rendered layout layouts/application.html.erb (Duration: 18.2ms | GC: 0.0ms)
Completed 500 Internal Server Error in 23ms (ActiveRecord: 1.5ms (2 queries, 0 cached) | GC: 0.0ms)


  
ActionView::Template::Error (wrong number of arguments (given 2, expected 1))
Caused by: ArgumentError (wrong number of arguments (given 2, expected 1))

Information for: ActionView::Template::Error (wrong number of arguments (given 2, expected 1)):
     7:     <meta name="mobile-web-app-capable" content="yes">
     8:     <meta name="theme-color" content="#073B4C">
     9:     <%= csrf_meta_tags %>
    10:     <%= csp_meta_tag %>
    11:     <%= yield :head %>
    12:     <link rel="icon" href="/icon.png" type="image/png">
    13:     <link rel="apple-touch-icon" href="/icon.png">
  
app/views/layouts/application.html.erb:10

Information for cause: ArgumentError (wrong number of arguments (given 2, expected 1)):
  
app/views/layouts/application.html.erb:10
Started GET "/favicon.ico" for ::1 at 2026-09-10 00:13:49 -0300
  
ActionController::RoutingError (No route matches [GET] "/favicon.ico"):
  
Using vips to process variants requires the libvips library. Please install libvips using the instructions on the libvips website.
Using vips to process variants requires the libvips library. Please install libvips using the instructions on the libvips website.
Using vips to process variants requires the libvips library. Please install libvips using the instructions on the libvips website.
Started GET "/" for ::1 at 2026-09-10 00:17:16 -0300
  [1m[36mActiveRecord::SchemaMigration Load (1.5ms)[0m  [1m[34mSELECT "schema_migrations"."version" FROM "schema_migrations" ORDER BY "schema_migrations"."version" ASC /*application='MisionesApp'*/[0m
Processing by GuestsController#index as HTML
  Rendering layout layouts/application.html.erb
  Rendering guests/index.html.erb within layouts/application
  [1m[36mGuest Exists? (2.3ms)[0m  [1m[34mSELECT 1 AS one FROM "guests" LIMIT 1 /*action='index',application='MisionesApp',controller='guests'*/[0m
  ↳ app/views/guests/index.html.erb:15
  [1m[36mGuest Load (0.9ms)[0m  [1m[34mSELECT "guests".* FROM "guests" ORDER BY "guests"."name" ASC /*action='index',application='MisionesApp',controller='guests'*/[0m
  ↳ app/views/guests/index.html.erb:17
  Rendered guests/index.html.erb within layouts/application (Duration: 9.1ms | GC: 0.0ms)
  Rendered layout layouts/application.html.erb (Duration: 11.0ms | GC: 0.0ms)
Completed 500 Internal Server Error in 45ms (ActiveRecord: 16.6ms (2 queries, 0 cached) | GC: 0.0ms)


  
ActionView::Template::Error (wrong number of arguments (given 2, expected 1))
Caused by: ArgumentError (wrong number of arguments (given 2, expected 1))

Information for: ActionView::Template::Error (wrong number of arguments (given 2, expected 1)):
     7:     <meta name="mobile-web-app-capable" content="yes">
     8:     <meta name="theme-color" content="#073B4C">
     9:     <%= csrf_meta_tags %>
    10:     <%= yield :head %>
    11:     <link rel="icon" href="/icon.png" type="image/png">
    12:     <link rel="apple-touch-icon" href="/icon.png">
    13:     <%= stylesheet_link_tag :app, "data-turbo-track": "reload" %>
  
app/views/layouts/application.html.erb:10

Information for cause: ArgumentError (wrong number of arguments (given 2, expected 1)):
  
app/views/layouts/application.html.erb:10
Started GET "/favicon.ico" for ::1 at 2026-09-10 00:17:16 -0300
  
ActionController::RoutingError (No route matches [GET] "/favicon.ico"):
  
Started GET "/" for ::1 at 2026-09-10 00:17:18 -0300
Processing by GuestsController#index as HTML
  Rendering layout layouts/application.html.erb
  Rendering guests/index.html.erb within layouts/application
  [1m[36mGuest Exists? (0.9ms)[0m  [1m[34mSELECT 1 AS one FROM "guests" LIMIT 1 /*action='index',application='MisionesApp',controller='guests'*/[0m
  ↳ app/views/guests/index.html.erb:15
  [1m[36mGuest Load (0.4ms)[0m  [1m[34mSELECT "guests".* FROM "guests" ORDER BY "guests"."name" ASC /*action='index',application='MisionesApp',controller='guests'*/[0m
  ↳ app/views/guests/index.html.erb:17
  Rendered guests/index.html.erb within layouts/application (Duration: 5.4ms | GC: 0.1ms)
  Rendered layout layouts/application.html.erb (Duration: 7.1ms | GC: 0.1ms)
Completed 500 Internal Server Error in 10ms (ActiveRecord: 1.2ms (2 queries, 0 cached) | GC: 0.1ms)


  
ActionView::Template::Error (wrong number of arguments (given 2, expected 1))
Caused by: ArgumentError (wrong number of arguments (given 2, expected 1))

Information for: ActionView::Template::Error (wrong number of arguments (given 2, expected 1)):
     7:     <meta name="mobile-web-app-capable" content="yes">
     8:     <meta name="theme-color" content="#073B4C">
     9:     <%= csrf_meta_tags %>
    10:     <%= yield :head %>
    11:     <link rel="icon" href="/icon.png" type="image/png">
    12:     <link rel="apple-touch-icon" href="/icon.png">
    13:     <%= stylesheet_link_tag :app, "data-turbo-track": "reload" %>
  
app/views/layouts/application.html.erb:10

Information for cause: ArgumentError (wrong number of arguments (given 2, expected 1)):
  
app/views/layouts/application.html.erb:10
Started GET "/favicon.ico" for ::1 at 2026-09-10 00:17:19 -0300
  
ActionController::RoutingError (No route matches [GET] "/favicon.ico"):
  
Using vips to process variants requires the libvips library. Please install libvips using the instructions on the libvips website.
Started GET "/" for ::1 at 2026-09-10 00:17:35 -0300
  [1m[36mActiveRecord::SchemaMigration Load (1.6ms)[0m  [1m[34mSELECT "schema_migrations"."version" FROM "schema_migrations" ORDER BY "schema_migrations"."version" ASC /*application='MisionesApp'*/[0m
Processing by GuestsController#index as HTML
  Rendering layout layouts/application.html.erb
  Rendering guests/index.html.erb within layouts/application
  [1m[36mGuest Exists? (0.8ms)[0m  [1m[34mSELECT 1 AS one FROM "guests" LIMIT 1 /*action='index',application='MisionesApp',controller='guests'*/[0m
  ↳ app/views/guests/index.html.erb:15
  [1m[36mGuest Load (1.0ms)[0m  [1m[34mSELECT "guests".* FROM "guests" ORDER BY "guests"."name" ASC /*action='index',application='MisionesApp',controller='guests'*/[0m
  ↳ app/views/guests/index.html.erb:17
  Rendered guests/index.html.erb within layouts/application (Duration: 9.8ms | GC: 0.0ms)
  Rendered layout layouts/application.html.erb (Duration: 11.5ms | GC: 0.0ms)
Completed 500 Internal Server Error in 47ms (ActiveRecord: 20.7ms (2 queries, 0 cached) | GC: 0.0ms)


  
ActionView::Template::Error (wrong number of arguments (given 2, expected 1))
Caused by: ArgumentError (wrong number of arguments (given 2, expected 1))

Information for: ActionView::Template::Error (wrong number of arguments (given 2, expected 1)):
     7:     <meta name="mobile-web-app-capable" content="yes">
     8:     <meta name="theme-color" content="#073B4C">
     9:     <%= csrf_meta_tags %>
    10:     <%= yield :head %>
    11:     <link rel="icon" href="/icon.png" type="image/png">
    12:     <link rel="apple-touch-icon" href="/icon.png">
    13:     <%= stylesheet_link_tag :app, "data-turbo-track": "reload" %>
  
app/views/layouts/application.html.erb:10

Information for cause: ArgumentError (wrong number of arguments (given 2, expected 1)):
  
app/views/layouts/application.html.erb:10
Started GET "/favicon.ico" for ::1 at 2026-09-10 00:17:35 -0300
  
ActionController::RoutingError (No route matches [GET] "/favicon.ico"):
  
Started GET "/" for ::1 at 2026-09-10 00:17:37 -0300
Processing by GuestsController#index as HTML
  Rendering layout layouts/application.html.erb
  Rendering guests/index.html.erb within layouts/application
  [1m[36mGuest Exists? (0.6ms)[0m  [1m[34mSELECT 1 AS one FROM "guests" LIMIT 1 /*action='index',application='MisionesApp',controller='guests'*/[0m
  ↳ app/views/guests/index.html.erb:15
  [1m[36mGuest Load (0.3ms)[0m  [1m[34mSELECT "guests".* FROM "guests" ORDER BY "guests"."name" ASC /*action='index',application='MisionesApp',controller='guests'*/[0m
  ↳ app/views/guests/index.html.erb:17
  Rendered guests/index.html.erb within layouts/application (Duration: 4.2ms | GC: 0.0ms)
  Rendered layout layouts/application.html.erb (Duration: 5.4ms | GC: 0.0ms)
Completed 500 Internal Server Error in 10ms (ActiveRecord: 0.8ms (2 queries, 0 cached) | GC: 0.0ms)


  
ActionView::Template::Error (wrong number of arguments (given 2, expected 1))
Caused by: ArgumentError (wrong number of arguments (given 2, expected 1))

Information for: ActionView::Template::Error (wrong number of arguments (given 2, expected 1)):
     7:     <meta name="mobile-web-app-capable" content="yes">
     8:     <meta name="theme-color" content="#073B4C">
     9:     <%= csrf_meta_tags %>
    10:     <%= yield :head %>
    11:     <link rel="icon" href="/icon.png" type="image/png">
    12:     <link rel="apple-touch-icon" href="/icon.png">
    13:     <%= stylesheet_link_tag :app, "data-turbo-track": "reload" %>
  
app/views/layouts/application.html.erb:10

Information for cause: ArgumentError (wrong number of arguments (given 2, expected 1)):
  
app/views/layouts/application.html.erb:10
Started GET "/favicon.ico" for ::1 at 2026-09-10 00:17:38 -0300
  
ActionController::RoutingError (No route matches [GET] "/favicon.ico"):
  
Using vips to process variants requires the libvips library. Please install libvips using the instructions on the libvips website.
Started GET "/" for ::1 at 2026-09-10 00:18:25 -0300
  [1m[36mActiveRecord::SchemaMigration Load (1.8ms)[0m  [1m[34mSELECT "schema_migrations"."version" FROM "schema_migrations" ORDER BY "schema_migrations"."version" ASC /*application='MisionesApp'*/[0m
Processing by GuestsController#index as HTML
  Rendering layout layouts/application.html.erb
  Rendering guests/index.html.erb within layouts/application
  [1m[36mGuest Exists? (0.5ms)[0m  [1m[34mSELECT 1 AS one FROM "guests" LIMIT 1 /*action='index',application='MisionesApp',controller='guests'*/[0m
  ↳ app/views/guests/index.html.erb:15
  [1m[36mGuest Load (1.0ms)[0m  [1m[34mSELECT "guests".* FROM "guests" ORDER BY "guests"."name" ASC /*action='index',application='MisionesApp',controller='guests'*/[0m
  ↳ app/views/guests/index.html.erb:17
  Rendered guests/index.html.erb within layouts/application (Duration: 7.3ms | GC: 0.0ms)
  Rendered layout layouts/application.html.erb (Duration: 9.0ms | GC: 0.0ms)
Completed 500 Internal Server Error in 51ms (ActiveRecord: 24.1ms (2 queries, 0 cached) | GC: 0.0ms)


  
ActionView::Template::Error (wrong number of arguments (given 2, expected 1))
Caused by: ArgumentError (wrong number of arguments (given 2, expected 1))

Information for: ActionView::Template::Error (wrong number of arguments (given 2, expected 1)):
     7:     <meta name="mobile-web-app-capable" content="yes">
     8:     <meta name="theme-color" content="#073B4C">
     9:     <%= csrf_meta_tags %>
    10:     <%= yield :head %>
    11:     <link rel="icon" href="/icon.png" type="image/png">
    12:     <link rel="apple-touch-icon" href="/icon.png">
    13:     <%= stylesheet_link_tag :app, "data-turbo-track": "reload" %>
  
app/views/layouts/application.html.erb:10

Information for cause: ArgumentError (wrong number of arguments (given 2, expected 1)):
  
app/views/layouts/application.html.erb:10
Started GET "/favicon.ico" for ::1 at 2026-09-10 00:18:25 -0300
  
ActionController::RoutingError (No route matches [GET] "/favicon.ico"):
  
Using vips to process variants requires the libvips library. Please install libvips using the instructions on the libvips website.
Using vips to process variants requires the libvips library. Please install libvips using the instructions on the libvips website.
Using vips to process variants requires the libvips library. Please install libvips using the instructions on the libvips website.
[ActionDispatch::HostAuthorization::DefaultResponseApp] Blocked hosts: www.example.com
Using vips to process variants requires the libvips library. Please install libvips using the instructions on the libvips website.
Started GET "/" for 127.0.0.1 at 2026-09-10 00:25:29 -0300
  [1m[36mActiveRecord::SchemaMigration Load (1.8ms)[0m  [1m[34mSELECT "schema_migrations"."version" FROM "schema_migrations" ORDER BY "schema_migrations"."version" ASC /*application='MisionesApp'*/[0m
Processing by GuestsController#index as HTML
  Rendering layout layouts/application.html.erb
  Rendering guests/index.html.erb within layouts/application
  [1m[36mGuest Exists? (1.5ms)[0m  [1m[34mSELECT 1 AS one FROM "guests" LIMIT 1 /*action='index',application='MisionesApp',controller='guests'*/[0m
  ↳ app/views/guests/index.html.erb:15
  [1m[36mGuest Load (1.1ms)[0m  [1m[34mSELECT "guests".* FROM "guests" ORDER BY "guests"."name" ASC /*action='index',application='MisionesApp',controller='guests'*/[0m
  ↳ app/views/guests/index.html.erb:17
  Rendered guests/index.html.erb within layouts/application (Duration: 9.3ms | GC: 0.0ms)
  Rendered layout layouts/application.html.erb (Duration: 15.7ms | GC: 0.0ms)
Completed 200 OK in 53ms (Views: 13.2ms | ActiveRecord: 18.5ms (2 queries, 0 cached) | GC: 0.0ms)


Using vips to process variants requires the libvips library. Please install libvips using the instructions on the libvips website.
Started GET "/" for 127.0.0.1 at 2026-09-10 00:25:48 -0300
  [1m[36mActiveRecord::SchemaMigration Load (1.4ms)[0m  [1m[34mSELECT "schema_migrations"."version" FROM "schema_migrations" ORDER BY "schema_migrations"."version" ASC /*application='MisionesApp'*/[0m
Processing by GuestsController#index as HTML
  Rendering layout layouts/application.html.erb
  Rendering guests/index.html.erb within layouts/application
  [1m[36mGuest Exists? (0.7ms)[0m  [1m[34mSELECT 1 AS one FROM "guests" LIMIT 1 /*action='index',application='MisionesApp',controller='guests'*/[0m
  ↳ app/views/guests/index.html.erb:15
  [1m[36mGuest Load (0.5ms)[0m  [1m[34mSELECT "guests".* FROM "guests" ORDER BY "guests"."name" ASC /*action='index',application='MisionesApp',controller='guests'*/[0m
  ↳ app/views/guests/index.html.erb:17
  Rendered guests/index.html.erb within layouts/application (Duration: 8.8ms | GC: 0.0ms)
  Rendered layout layouts/application.html.erb (Duration: 15.0ms | GC: 0.0ms)
Completed 200 OK in 47ms (Views: 12.6ms | ActiveRecord: 15.3ms (2 queries, 0 cached) | GC: 0.0ms)


Using vips to process variants requires the libvips library. Please install libvips using the instructions on the libvips website.
Started GET "/" for ::1 at 2026-09-10 00:26:15 -0300
  [1m[36mActiveRecord::SchemaMigration Load (1.7ms)[0m  [1m[34mSELECT "schema_migrations"."version" FROM "schema_migrations" ORDER BY "schema_migrations"."version" ASC /*application='MisionesApp'*/[0m
Processing by GuestsController#index as HTML
  Rendering layout layouts/application.html.erb
  Rendering guests/index.html.erb within layouts/application
  [1m[36mGuest Exists? (0.5ms)[0m  [1m[34mSELECT 1 AS one FROM "guests" LIMIT 1 /*action='index',application='MisionesApp',controller='guests'*/[0m
  ↳ app/views/guests/index.html.erb:15
  [1m[36mGuest Load (0.8ms)[0m  [1m[34mSELECT "guests".* FROM "guests" ORDER BY "guests"."name" ASC /*action='index',application='MisionesApp',controller='guests'*/[0m
  ↳ app/views/guests/index.html.erb:17
  Rendered guests/index.html.erb within layouts/application (Duration: 7.8ms | GC: 0.0ms)
  Rendered layout layouts/application.html.erb (Duration: 9.8ms | GC: 0.0ms)
Completed 500 Internal Server Error in 60ms (ActiveRecord: 16.4ms (2 queries, 0 cached) | GC: 0.0ms)


  
ActionView::Template::Error (wrong number of arguments (given 2, expected 1))
Caused by: ArgumentError (wrong number of arguments (given 2, expected 1))

Information for: ActionView::Template::Error (wrong number of arguments (given 2, expected 1)):
     7:     <meta name="mobile-web-app-capable" content="yes">
     8:     <meta name="theme-color" content="#073B4C">
     9:     <%= csrf_meta_tags %>
    10:     <%= yield :head %>
    11:     <link rel="icon" href="/icon.png" type="image/png">
    12:     <link rel="apple-touch-icon" href="/icon.png">
    13:     <%= stylesheet_link_tag :app, "data-turbo-track": "reload" %>
  
app/views/layouts/application.html.erb:10

Information for cause: ArgumentError (wrong number of arguments (given 2, expected 1)):
  
app/views/layouts/application.html.erb:10
Started GET "/favicon.ico" for ::1 at 2026-09-10 00:26:15 -0300
  
ActionController::RoutingError (No route matches [GET] "/favicon.ico"):
  
Started GET "/" for ::1 at 2026-09-10 00:26:18 -0300
Processing by GuestsController#index as HTML
  Rendering layout layouts/application.html.erb
  Rendering guests/index.html.erb within layouts/application
  [1m[36mGuest Exists? (0.6ms)[0m  [1m[34mSELECT 1 AS one FROM "guests" LIMIT 1 /*action='index',application='MisionesApp',controller='guests'*/[0m
  ↳ app/views/guests/index.html.erb:15
  [1m[36mGuest Load (0.5ms)[0m  [1m[34mSELECT "guests".* FROM "guests" ORDER BY "guests"."name" ASC /*action='index',application='MisionesApp',controller='guests'*/[0m
  ↳ app/views/guests/index.html.erb:17
  Rendered guests/index.html.erb within layouts/application (Duration: 4.8ms | GC: 0.1ms)
  Rendered layout layouts/application.html.erb (Duration: 6.4ms | GC: 0.1ms)
Completed 500 Internal Server Error in 9ms (ActiveRecord: 1.0ms (2 queries, 0 cached) | GC: 0.1ms)


  
ActionView::Template::Error (wrong number of arguments (given 2, expected 1))
Caused by: ArgumentError (wrong number of arguments (given 2, expected 1))

Information for: ActionView::Template::Error (wrong number of arguments (given 2, expected 1)):
     7:     <meta name="mobile-web-app-capable" content="yes">
     8:     <meta name="theme-color" content="#073B4C">
     9:     <%= csrf_meta_tags %>
    10:     <%= yield :head %>
    11:     <link rel="icon" href="/icon.png" type="image/png">
    12:     <link rel="apple-touch-icon" href="/icon.png">
    13:     <%= stylesheet_link_tag :app, "data-turbo-track": "reload" %>
  
app/views/layouts/application.html.erb:10

Information for cause: ArgumentError (wrong number of arguments (given 2, expected 1)):
  
app/views/layouts/application.html.erb:10
Started GET "/favicon.ico" for ::1 at 2026-09-10 00:26:18 -0300
  
ActionController::RoutingError (No route matches [GET] "/favicon.ico"):
  
Using vips to process variants requires the libvips library. Please install libvips using the instructions on the libvips website.
  [1m[36mActiveRecord::SchemaMigration Load (0.9ms)[0m  [1m[34mSELECT "schema_migrations"."version" FROM "schema_migrations" ORDER BY "schema_migrations"."version" ASC /*application='MisionesApp'*/[0m
  [1m[36mActiveRecord::InternalMetadata Load (1.4ms)[0m  [1m[34mSELECT * FROM "ar_internal_metadata" WHERE "ar_internal_metadata"."key" = 'environment' ORDER BY "ar_internal_metadata"."key" ASC LIMIT 1 /*application='MisionesApp'*/[0m
  [1m[36mActiveRecord::SchemaMigration Load (0.2ms)[0m  [1m[34mSELECT "schema_migrations"."version" FROM "schema_migrations" ORDER BY "schema_migrations"."version" ASC /*application='MisionesApp'*/[0m
  [1m[36mActiveRecord::InternalMetadata Load (0.2ms)[0m  [1m[34mSELECT * FROM "ar_internal_metadata" WHERE "ar_internal_metadata"."key" = 'environment' ORDER BY "ar_internal_metadata"."key" ASC LIMIT 1 /*application='MisionesApp'*/[0m
  [1m[36mActiveRecord::SchemaMigration Load (0.1ms)[0m  [1m[34mSELECT "schema_migrations"."version" FROM "schema_migrations" ORDER BY "schema_migrations"."version" ASC /*application='MisionesApp'*/[0m
  [1m[36mActiveRecord::InternalMetadata Load (0.2ms)[0m  [1m[34mSELECT * FROM "ar_internal_metadata" WHERE "ar_internal_metadata"."key" = 'environment' ORDER BY "ar_internal_metadata"."key" ASC LIMIT 1 /*application='MisionesApp'*/[0m
  [1m[35mSQL (0.1ms)[0m  [1m[35mSET search_path TO public /*application='MisionesApp'*/[0m
  [1m[35m (75.9ms)[0m  [1m[35mDROP DATABASE IF EXISTS "misiones_app_development" /*application='MisionesApp'*/[0m
  [1m[35mSQL (0.0ms)[0m  [1m[35mSET search_path TO public /*application='MisionesApp'*/[0m
  [1m[35m (85.3ms)[0m  [1m[35mDROP DATABASE IF EXISTS "misiones_app_test" /*application='MisionesApp'*/[0m
Using vips to process variants requires the libvips library. Please install libvips using the instructions on the libvips website.
  [1m[35mSQL (0.1ms)[0m  [1m[35mSET search_path TO public /*application='MisionesApp'*/[0m
  [1m[35m (208.0ms)[0m  [1m[35mCREATE DATABASE "misiones_app_development" ENCODING = 'unicode' /*application='MisionesApp'*/[0m
  [1m[35mSQL (0.1ms)[0m  [1m[35mSET search_path TO public /*application='MisionesApp'*/[0m
  [1m[35m (87.8ms)[0m  [1m[35mCREATE DATABASE "misiones_app_test" ENCODING = 'unicode' /*application='MisionesApp'*/[0m
Using vips to process variants requires the libvips library. Please install libvips using the instructions on the libvips website.
  [1m[35mSQL (2.2ms)[0m  [1m[35mCREATE EXTENSION IF NOT EXISTS "plpgsql" SCHEMA pg_catalog /*application='MisionesApp'*/[0m
  [1m[35m (0.3ms)[0m  [1m[35mDROP TABLE IF EXISTS "guests" CASCADE /*application='MisionesApp'*/[0m
  [1m[35m (19.9ms)[0m  [1m[35mCREATE TABLE "guests" ("id" bigserial primary key, "attempts" integer DEFAULT 1 NOT NULL, "created_at" timestamp(6) NOT NULL, "email" character varying, "name" character varying NOT NULL, "phone" character varying, "picture" character varying, "points" integer DEFAULT 0 NOT NULL, "updated_at" timestamp(6) NOT NULL) /*application='MisionesApp'*/[0m
  [1m[35m (0.2ms)[0m  [1m[35mDROP TABLE IF EXISTS "guests_missions" CASCADE /*application='MisionesApp'*/[0m
  [1m[35m (0.8ms)[0m  [1m[35mCREATE TABLE "guests_missions" ("guest_id" bigint NOT NULL, "mission_id" bigint NOT NULL) /*application='MisionesApp'*/[0m
  [1m[35m (1.6ms)[0m  [1m[35mCREATE UNIQUE INDEX "index_guests_missions_on_guest_id_and_mission_id" ON "guests_missions" ("guest_id", "mission_id") /*application='MisionesApp'*/[0m
  [1m[35m (1.4ms)[0m  [1m[35mCREATE INDEX "index_guests_missions_on_guest_id" ON "guests_missions" ("guest_id") /*application='MisionesApp'*/[0m
  [1m[35m (1.7ms)[0m  [1m[35mCREATE INDEX "index_guests_missions_on_mission_id" ON "guests_missions" ("mission_id") /*application='MisionesApp'*/[0m
  [1m[35m (0.1ms)[0m  [1m[35mDROP TABLE IF EXISTS "mission_assignments" CASCADE /*application='MisionesApp'*/[0m
  [1m[35m (3.1ms)[0m  [1m[35mCREATE TABLE "mission_assignments" ("id" bigserial primary key, "assigned_at" timestamp(6), "completed_at" timestamp(6), "created_at" timestamp(6) NOT NULL, "guest_id" bigint NOT NULL, "mission_id" bigint NOT NULL, "status" integer DEFAULT 0 NOT NULL, "updated_at" timestamp(6) NOT NULL) /*application='MisionesApp'*/[0m
  [1m[35m (1.4ms)[0m  [1m[35mCREATE UNIQUE INDEX "index_mission_assignments_on_guest_id_assigned_unique" ON "mission_assignments" ("guest_id", "status") WHERE (status = 0) /*application='MisionesApp'*/[0m
  [1m[35m (1.3ms)[0m  [1m[35mCREATE INDEX "index_mission_assignments_on_guest_id" ON "mission_assignments" ("guest_id") /*application='MisionesApp'*/[0m
  [1m[35m (1.3ms)[0m  [1m[35mCREATE INDEX "index_mission_assignments_on_mission_id" ON "mission_assignments" ("mission_id") /*application='MisionesApp'*/[0m
  [1m[35m (0.1ms)[0m  [1m[35mDROP TABLE IF EXISTS "missions" CASCADE /*application='MisionesApp'*/[0m
  [1m[35m (5.5ms)[0m  [1m[35mCREATE TABLE "missions" ("id" bigserial primary key, "active" boolean DEFAULT TRUE NOT NULL, "created_at" timestamp(6) NOT NULL, "description" text NOT NULL, "score" integer NOT NULL, "target_id" bigint NOT NULL, "updated_at" timestamp(6) NOT NULL) /*application='MisionesApp'*/[0m
  [1m[35m (1.5ms)[0m  [1m[35mCREATE INDEX "index_missions_on_target_id" ON "missions" ("target_id") /*application='MisionesApp'*/[0m
  [1m[35m (0.1ms)[0m  [1m[35mDROP TABLE IF EXISTS "missions_target_guests" CASCADE /*application='MisionesApp'*/[0m
  [1m[35m (1.4ms)[0m  [1m[35mCREATE TABLE "missions_target_guests" ("guest_id" bigint NOT NULL, "mission_id" bigint NOT NULL) /*application='MisionesApp'*/[0m
  [1m[35m (1.5ms)[0m  [1m[35mCREATE INDEX "index_missions_target_guests_on_guest_id" ON "missions_target_guests" ("guest_id") /*application='MisionesApp'*/[0m
  [1m[35m (1.3ms)[0m  [1m[35mCREATE UNIQUE INDEX "index_missions_target_guests_on_mission_id_and_guest_id" ON "missions_target_guests" ("mission_id", "guest_id") /*application='MisionesApp'*/[0m
  [1m[35m (2.1ms)[0m  [1m[35mCREATE INDEX "index_missions_target_guests_on_mission_id" ON "missions_target_guests" ("mission_id") /*application='MisionesApp'*/[0m
  [1m[35m (6.8ms)[0m  [1m[35mALTER TABLE "guests_missions" ADD CONSTRAINT "fk_rails_a8b5dd3328"
FOREIGN KEY ("guest_id")
  REFERENCES "guests" ("id")
 /*application='MisionesApp'*/[0m
  [1m[35m (1.6ms)[0m  [1m[35mALTER TABLE "guests_missions" ADD CONSTRAINT "fk_rails_7e85474fa9"
FOREIGN KEY ("mission_id")
  REFERENCES "missions" ("id")
 /*application='MisionesApp'*/[0m
  [1m[35m (1.9ms)[0m  [1m[35mALTER TABLE "mission_assignments" ADD CONSTRAINT "fk_rails_c93c85f0ca"
FOREIGN KEY ("guest_id")
  REFERENCES "guests" ("id")
 /*application='MisionesApp'*/[0m
  [1m[35m (1.0ms)[0m  [1m[35mALTER TABLE "mission_assignments" ADD CONSTRAINT "fk_rails_c58aa587b6"
FOREIGN KEY ("mission_id")
  REFERENCES "missions" ("id")
 /*application='MisionesApp'*/[0m
  [1m[35m (1.4ms)[0m  [1m[35mALTER TABLE "missions" ADD CONSTRAINT "fk_rails_04328f36c2"
FOREIGN KEY ("target_id")
  REFERENCES "guests" ("id")
 /*application='MisionesApp'*/[0m
  [1m[35m (1.8ms)[0m  [1m[35mALTER TABLE "missions_target_guests" ADD CONSTRAINT "fk_rails_445304145b"
FOREIGN KEY ("guest_id")
  REFERENCES "guests" ("id")
 /*application='MisionesApp'*/[0m
  [1m[35m (1.0ms)[0m  [1m[35mALTER TABLE "missions_target_guests" ADD CONSTRAINT "fk_rails_14d9700947"
FOREIGN KEY ("mission_id")
  REFERENCES "missions" ("id")
 /*application='MisionesApp'*/[0m
  [1m[35m (4.7ms)[0m  [1m[35mCREATE TABLE "schema_migrations" ("version" character varying NOT NULL PRIMARY KEY) /*application='MisionesApp'*/[0m
  [1m[36mActiveRecord::SchemaMigration Load (1.0ms)[0m  [1m[34mSELECT "schema_migrations"."version" FROM "schema_migrations" ORDER BY "schema_migrations"."version" ASC /*application='MisionesApp'*/[0m
  [1m[35m (1.2ms)[0m  [1m[32mINSERT INTO "schema_migrations" (version) VALUES (20260910023847) /*application='MisionesApp'*/[0m
  [1m[35m (0.5ms)[0m  [1m[32mINSERT INTO "schema_migrations" (version) VALUES
(20260910023846),
(20260910023840),
(20260910023835),
(20260910023829); /*application='MisionesApp'*/[0m
  [1m[35m (4.7ms)[0m  [1m[35mCREATE TABLE "ar_internal_metadata" ("key" character varying NOT NULL PRIMARY KEY, "value" character varying, "created_at" timestamp(6) NOT NULL, "updated_at" timestamp(6) NOT NULL) /*application='MisionesApp'*/[0m
  [1m[36mActiveRecord::InternalMetadata Load (0.6ms)[0m  [1m[34mSELECT * FROM "ar_internal_metadata" WHERE "ar_internal_metadata"."key" = 'environment' ORDER BY "ar_internal_metadata"."key" ASC LIMIT 1 /*application='MisionesApp'*/[0m
  [1m[36mActiveRecord::InternalMetadata Create (1.0ms)[0m  [1m[32mINSERT INTO "ar_internal_metadata" ("key", "value", "created_at", "updated_at") VALUES ('environment', 'development', '2026-09-10 03:26:39.099305', '2026-09-10 03:26:39.099307') RETURNING "key" /*application='MisionesApp'*/[0m
  [1m[36mActiveRecord::InternalMetadata Load (0.2ms)[0m  [1m[34mSELECT * FROM "ar_internal_metadata" WHERE "ar_internal_metadata"."key" = 'environment' ORDER BY "ar_internal_metadata"."key" ASC LIMIT 1 /*application='MisionesApp'*/[0m
  [1m[36mActiveRecord::InternalMetadata Load (0.1ms)[0m  [1m[34mSELECT * FROM "ar_internal_metadata" WHERE "ar_internal_metadata"."key" = 'schema_sha1' ORDER BY "ar_internal_metadata"."key" ASC LIMIT 1 /*application='MisionesApp'*/[0m
  [1m[36mActiveRecord::InternalMetadata Create (0.2ms)[0m  [1m[32mINSERT INTO "ar_internal_metadata" ("key", "value", "created_at", "updated_at") VALUES ('schema_sha1', '2f22a4bc7ea17c50a0b7001bdf9057e249dde927', '2026-09-10 03:26:39.102970', '2026-09-10 03:26:39.102971') RETURNING "key" /*application='MisionesApp'*/[0m
  [1m[35m (0.4ms)[0m  [1m[34mSELECT pg_try_advisory_lock(2427962059449269910) /*application='MisionesApp'*/[0m
  [1m[36mActiveRecord::SchemaMigration Load (0.2ms)[0m  [1m[34mSELECT "schema_migrations"."version" FROM "schema_migrations" ORDER BY "schema_migrations"."version" ASC /*application='MisionesApp'*/[0m
  [1m[36mActiveRecord::InternalMetadata Load (0.2ms)[0m  [1m[34mSELECT * FROM "ar_internal_metadata" WHERE "ar_internal_metadata"."key" = 'environment' ORDER BY "ar_internal_metadata"."key" ASC LIMIT 1 /*application='MisionesApp'*/[0m
  [1m[35m (0.1ms)[0m  [1m[34mSELECT pg_advisory_unlock(2427962059449269910) /*application='MisionesApp'*/[0m
  [1m[36mActiveRecord::SchemaMigration Load (0.1ms)[0m  [1m[34mSELECT "schema_migrations"."version" FROM "schema_migrations" ORDER BY "schema_migrations"."version" ASC /*application='MisionesApp'*/[0m
  [1m[35mSQL (0.1ms)[0m  [1m[35mSET search_path TO public /*application='MisionesApp'*/[0m
  [1m[35mSQL (0.1ms)[0m  [1m[35mSET search_path TO "$user", public /*application='MisionesApp'*/[0m
  [1m[35mSQL (0.1ms)[0m  [1m[35mSET search_path TO public /*application='MisionesApp'*/[0m
  [1m[35mSQL (0.1ms)[0m  [1m[35mSET search_path TO "$user", public /*application='MisionesApp'*/[0m
Using vips to process variants requires the libvips library. Please install libvips using the instructions on the libvips website.
Started GET "/" for ::1 at 2026-09-10 00:26:45 -0300
  [1m[36mActiveRecord::SchemaMigration Load (1.2ms)[0m  [1m[34mSELECT "schema_migrations"."version" FROM "schema_migrations" ORDER BY "schema_migrations"."version" ASC /*application='MisionesApp'*/[0m
Processing by GuestsController#index as HTML
  Rendering layout layouts/application.html.erb
  Rendering guests/index.html.erb within layouts/application
  [1m[36mGuest Exists? (0.8ms)[0m  [1m[34mSELECT 1 AS one FROM "guests" LIMIT 1 /*action='index',application='MisionesApp',controller='guests'*/[0m
  ↳ app/views/guests/index.html.erb:15
  Rendered guests/index.html.erb within layouts/application (Duration: 2.0ms | GC: 0.0ms)
  Rendered layout layouts/application.html.erb (Duration: 3.9ms | GC: 0.0ms)
Completed 500 Internal Server Error in 37ms (ActiveRecord: 11.6ms (1 query, 0 cached) | GC: 0.0ms)


  
ActionView::Template::Error (wrong number of arguments (given 2, expected 1))
Caused by: ArgumentError (wrong number of arguments (given 2, expected 1))

Information for: ActionView::Template::Error (wrong number of arguments (given 2, expected 1)):
     7:     <meta name="mobile-web-app-capable" content="yes">
     8:     <meta name="theme-color" content="#073B4C">
     9:     <%= csrf_meta_tags %>
    10:     <%= yield :head %>
    11:     <link rel="icon" href="/icon.png" type="image/png">
    12:     <link rel="apple-touch-icon" href="/icon.png">
    13:     <%= stylesheet_link_tag :app, "data-turbo-track": "reload" %>
  
app/views/layouts/application.html.erb:10

Information for cause: ArgumentError (wrong number of arguments (given 2, expected 1)):
  
app/views/layouts/application.html.erb:10
Started GET "/favicon.ico" for ::1 at 2026-09-10 00:26:46 -0300
  
ActionController::RoutingError (No route matches [GET] "/favicon.ico"):
  
Started GET "/" for ::1 at 2026-09-10 00:26:46 -0300
Processing by GuestsController#index as HTML
  Rendering layout layouts/application.html.erb
  Rendering guests/index.html.erb within layouts/application
  [1m[36mGuest Exists? (0.8ms)[0m  [1m[34mSELECT 1 AS one FROM "guests" LIMIT 1 /*action='index',application='MisionesApp',controller='guests'*/[0m
  ↳ app/views/guests/index.html.erb:15
  Rendered guests/index.html.erb within layouts/application (Duration: 2.5ms | GC: 0.0ms)
  Rendered layout layouts/application.html.erb (Duration: 4.0ms | GC: 0.0ms)
Completed 500 Internal Server Error in 6ms (ActiveRecord: 0.8ms (1 query, 0 cached) | GC: 0.0ms)


  
ActionView::Template::Error (wrong number of arguments (given 2, expected 1))
Caused by: ArgumentError (wrong number of arguments (given 2, expected 1))

Information for: ActionView::Template::Error (wrong number of arguments (given 2, expected 1)):
     7:     <meta name="mobile-web-app-capable" content="yes">
     8:     <meta name="theme-color" content="#073B4C">
     9:     <%= csrf_meta_tags %>
    10:     <%= yield :head %>
    11:     <link rel="icon" href="/icon.png" type="image/png">
    12:     <link rel="apple-touch-icon" href="/icon.png">
    13:     <%= stylesheet_link_tag :app, "data-turbo-track": "reload" %>
  
app/views/layouts/application.html.erb:10

Information for cause: ArgumentError (wrong number of arguments (given 2, expected 1)):
  
app/views/layouts/application.html.erb:10
Started GET "/favicon.ico" for ::1 at 2026-09-10 00:26:47 -0300
  
ActionController::RoutingError (No route matches [GET] "/favicon.ico"):
  
Started GET "/" for ::1 at 2026-09-10 00:26:48 -0300
Processing by GuestsController#index as HTML
  Rendering layout layouts/application.html.erb
  Rendering guests/index.html.erb within layouts/application
  [1m[36mGuest Exists? (0.4ms)[0m  [1m[34mSELECT 1 AS one FROM "guests" LIMIT 1 /*action='index',application='MisionesApp',controller='guests'*/[0m
  ↳ app/views/guests/index.html.erb:15
  Rendered guests/index.html.erb within layouts/application (Duration: 1.8ms | GC: 0.0ms)
  Rendered layout layouts/application.html.erb (Duration: 3.4ms | GC: 0.0ms)
Completed 500 Internal Server Error in 6ms (ActiveRecord: 0.4ms (1 query, 0 cached) | GC: 0.6ms)


  
ActionView::Template::Error (wrong number of arguments (given 2, expected 1))
Caused by: ArgumentError (wrong number of arguments (given 2, expected 1))

Information for: ActionView::Template::Error (wrong number of arguments (given 2, expected 1)):
     7:     <meta name="mobile-web-app-capable" content="yes">
     8:     <meta name="theme-color" content="#073B4C">
     9:     <%= csrf_meta_tags %>
    10:     <%= yield :head %>
    11:     <link rel="icon" href="/icon.png" type="image/png">
    12:     <link rel="apple-touch-icon" href="/icon.png">
    13:     <%= stylesheet_link_tag :app, "data-turbo-track": "reload" %>
  
app/views/layouts/application.html.erb:10

Information for cause: ArgumentError (wrong number of arguments (given 2, expected 1)):
  
app/views/layouts/application.html.erb:10
Started GET "/favicon.ico" for ::1 at 2026-09-10 00:26:48 -0300
  
ActionController::RoutingError (No route matches [GET] "/favicon.ico"):
  
Started GET "/" for ::1 at 2026-09-10 00:26:49 -0300
Processing by GuestsController#index as HTML
  Rendering layout layouts/application.html.erb
  Rendering guests/index.html.erb within layouts/application
  [1m[36mGuest Exists? (0.4ms)[0m  [1m[34mSELECT 1 AS one FROM "guests" LIMIT 1 /*action='index',application='MisionesApp',controller='guests'*/[0m
  ↳ app/views/guests/index.html.erb:15
  Rendered guests/index.html.erb within layouts/application (Duration: 1.8ms | GC: 0.0ms)
  Rendered layout layouts/application.html.erb (Duration: 3.0ms | GC: 0.0ms)
Completed 500 Internal Server Error in 5ms (ActiveRecord: 0.4ms (1 query, 0 cached) | GC: 0.0ms)


  
ActionView::Template::Error (wrong number of arguments (given 2, expected 1))
Caused by: ArgumentError (wrong number of arguments (given 2, expected 1))

Information for: ActionView::Template::Error (wrong number of arguments (given 2, expected 1)):
     7:     <meta name="mobile-web-app-capable" content="yes">
     8:     <meta name="theme-color" content="#073B4C">
     9:     <%= csrf_meta_tags %>
    10:     <%= yield :head %>
    11:     <link rel="icon" href="/icon.png" type="image/png">
    12:     <link rel="apple-touch-icon" href="/icon.png">
    13:     <%= stylesheet_link_tag :app, "data-turbo-track": "reload" %>
  
app/views/layouts/application.html.erb:10

Information for cause: ArgumentError (wrong number of arguments (given 2, expected 1)):
  
app/views/layouts/application.html.erb:10
Started GET "/favicon.ico" for ::1 at 2026-09-10 00:26:49 -0300
  
ActionController::RoutingError (No route matches [GET] "/favicon.ico"):
  
Using vips to process variants requires the libvips library. Please install libvips using the instructions on the libvips website.
Started GET "/" for 127.0.0.1 at 2026-09-10 00:27:04 -0300
  [1m[36mActiveRecord::SchemaMigration Load (1.1ms)[0m  [1m[34mSELECT "schema_migrations"."version" FROM "schema_migrations" ORDER BY "schema_migrations"."version" ASC /*application='MisionesApp'*/[0m
Processing by GuestsController#index as HTML
  Rendering layout layouts/application.html.erb
  Rendering guests/index.html.erb within layouts/application
  [1m[36mGuest Exists? (0.8ms)[0m  [1m[34mSELECT 1 AS one FROM "guests" LIMIT 1 /*action='index',application='MisionesApp',controller='guests'*/[0m
  ↳ app/views/guests/index.html.erb:15
  Rendered guests/index.html.erb within layouts/application (Duration: 2.6ms | GC: 0.0ms)
  Rendered layout layouts/application.html.erb (Duration: 9.8ms | GC: 0.0ms)
Completed 200 OK in 45ms (Views: 11.4ms | ActiveRecord: 8.9ms (1 query, 0 cached) | GC: 0.0ms)


Started GET "/" for 127.0.0.1 at 2026-09-10 00:27:04 -0300
Processing by GuestsController#index as HTML
  Rendering layout layouts/application.html.erb
  Rendering guests/index.html.erb within layouts/application
  [1m[36mGuest Exists? (0.4ms)[0m  [1m[34mSELECT 1 AS one FROM "guests" LIMIT 1 /*action='index',application='MisionesApp',controller='guests'*/[0m
  ↳ app/views/guests/index.html.erb:15
  Rendered guests/index.html.erb within layouts/application (Duration: 0.8ms | GC: 0.0ms)
  Rendered layout layouts/application.html.erb (Duration: 2.0ms | GC: 0.0ms)
Completed 500 Internal Server Error in 3ms (ActiveRecord: 0.4ms (1 query, 0 cached) | GC: 0.0ms)


  
ActionView::Template::Error (wrong number of arguments (given 2, expected 1))
Caused by: ArgumentError (wrong number of arguments (given 2, expected 1))

Information for: ActionView::Template::Error (wrong number of arguments (given 2, expected 1)):
     7:     <meta name="mobile-web-app-capable" content="yes">
     8:     <meta name="theme-color" content="#073B4C">
     9:     <%= csrf_meta_tags %>
    10:     <%= yield :head %>
    11:     <link rel="icon" href="/icon.png" type="image/png">
    12:     <link rel="apple-touch-icon" href="/icon.png">
    13:     <%= stylesheet_link_tag :app, "data-turbo-track": "reload" %>
  
app/views/layouts/application.html.erb:10

Information for cause: ArgumentError (wrong number of arguments (given 2, expected 1)):
  
app/views/layouts/application.html.erb:10
Started GET "/guests" for 127.0.0.1 at 2026-09-10 00:27:04 -0300
Processing by GuestsController#index as HTML
  Rendering layout layouts/application.html.erb
  Rendering guests/index.html.erb within layouts/application
  [1m[36mGuest Exists? (0.3ms)[0m  [1m[34mSELECT 1 AS one FROM "guests" LIMIT 1 /*action='index',application='MisionesApp',controller='guests'*/[0m
  ↳ app/views/guests/index.html.erb:15
  Rendered guests/index.html.erb within layouts/application (Duration: 4.9ms | GC: 4.0ms)
  Rendered layout layouts/application.html.erb (Duration: 5.4ms | GC: 4.0ms)
Completed 500 Internal Server Error in 6ms (ActiveRecord: 0.3ms (1 query, 0 cached) | GC: 4.0ms)


  
ActionView::Template::Error (wrong number of arguments (given 2, expected 1))
Caused by: ArgumentError (wrong number of arguments (given 2, expected 1))

Information for: ActionView::Template::Error (wrong number of arguments (given 2, expected 1)):
     7:     <meta name="mobile-web-app-capable" content="yes">
     8:     <meta name="theme-color" content="#073B4C">
     9:     <%= csrf_meta_tags %>
    10:     <%= yield :head %>
    11:     <link rel="icon" href="/icon.png" type="image/png">
    12:     <link rel="apple-touch-icon" href="/icon.png">
    13:     <%= stylesheet_link_tag :app, "data-turbo-track": "reload" %>
  
app/views/layouts/application.html.erb:10

Information for cause: ArgumentError (wrong number of arguments (given 2, expected 1)):
  
app/views/layouts/application.html.erb:10
Using vips to process variants requires the libvips library. Please install libvips using the instructions on the libvips website.
Started GET "/" for 127.0.0.1 at 2026-09-10 00:27:13 -0300
  [1m[36mActiveRecord::SchemaMigration Load (1.5ms)[0m  [1m[34mSELECT "schema_migrations"."version" FROM "schema_migrations" ORDER BY "schema_migrations"."version" ASC /*application='MisionesApp'*/[0m
Processing by GuestsController#index as HTML
  Rendering layout layouts/application.html.erb
  Rendering guests/index.html.erb within layouts/application
  [1m[36mGuest Exists? (0.5ms)[0m  [1m[34mSELECT 1 AS one FROM "guests" LIMIT 1 /*action='index',application='MisionesApp',controller='guests'*/[0m
  ↳ app/views/guests/index.html.erb:15
  Rendered guests/index.html.erb within layouts/application (Duration: 2.2ms | GC: 0.0ms)
  Rendered layout layouts/application.html.erb (Duration: 7.0ms | GC: 0.0ms)
Completed 200 OK in 37ms (Views: 8.6ms | ActiveRecord: 8.3ms (1 query, 0 cached) | GC: 0.0ms)


Started GET "/" for 127.0.0.1 at 2026-09-10 00:27:13 -0300
Processing by GuestsController#index as HTML
  Rendering layout layouts/application.html.erb
  Rendering guests/index.html.erb within layouts/application
  [1m[36mGuest Exists? (0.3ms)[0m  [1m[34mSELECT 1 AS one FROM "guests" LIMIT 1 /*action='index',application='MisionesApp',controller='guests'*/[0m
  ↳ app/views/guests/index.html.erb:15
  Rendered guests/index.html.erb within layouts/application (Duration: 0.7ms | GC: 0.0ms)
  Rendered layout layouts/application.html.erb (Duration: 1.6ms | GC: 0.0ms)
Completed 500 Internal Server Error in 2ms (ActiveRecord: 0.3ms (1 query, 0 cached) | GC: 0.0ms)


  
ActionView::Template::Error (wrong number of arguments (given 2, expected 1))
Caused by: ArgumentError (wrong number of arguments (given 2, expected 1))

Information for: ActionView::Template::Error (wrong number of arguments (given 2, expected 1)):
     7:     <meta name="mobile-web-app-capable" content="yes">
     8:     <meta name="theme-color" content="#073B4C">
     9:     <%= csrf_meta_tags %>
    10:     <%= yield :head %>
    11:     <link rel="icon" href="/icon.png" type="image/png">
    12:     <link rel="apple-touch-icon" href="/icon.png">
    13:     <%= stylesheet_link_tag :app, "data-turbo-track": "reload" %>
  
app/views/layouts/application.html.erb:10

Information for cause: ArgumentError (wrong number of arguments (given 2, expected 1)):
  
app/views/layouts/application.html.erb:10
Using vips to process variants requires the libvips library. Please install libvips using the instructions on the libvips website.
Started GET "/" for 127.0.0.1 at 2026-09-10 00:27:21 -0300
  [1m[36mActiveRecord::SchemaMigration Load (1.5ms)[0m  [1m[34mSELECT "schema_migrations"."version" FROM "schema_migrations" ORDER BY "schema_migrations"."version" ASC /*application='MisionesApp'*/[0m
Processing by GuestsController#index as HTML
  Rendering layout layouts/application.html.erb
  Rendering guests/index.html.erb within layouts/application
  [1m[36mGuest Exists? (0.6ms)[0m  [1m[34mSELECT 1 AS one FROM "guests" LIMIT 1 /*action='index',application='MisionesApp',controller='guests'*/[0m
  ↳ app/views/guests/index.html.erb:15
  Rendered guests/index.html.erb within layouts/application (Duration: 2.5ms | GC: 0.0ms)
  Rendered layout layouts/application.html.erb (Duration: 7.3ms | GC: 0.0ms)
Completed 200 OK in 39ms (Views: 8.8ms | ActiveRecord: 9.8ms (1 query, 0 cached) | GC: 0.0ms)


Started GET "/" for 127.0.0.1 at 2026-09-10 00:27:21 -0300
Processing by GuestsController#index as HTML
  Rendering layout layouts/application.html.erb
  Rendering guests/index.html.erb within layouts/application
  [1m[36mGuest Exists? (0.3ms)[0m  [1m[34mSELECT 1 AS one FROM "guests" LIMIT 1 /*action='index',application='MisionesApp',controller='guests'*/[0m
  ↳ app/views/guests/index.html.erb:15
  Rendered guests/index.html.erb within layouts/application (Duration: 0.7ms | GC: 0.0ms)
  Rendered layout layouts/application.html.erb (Duration: 1.6ms | GC: 0.0ms)
Completed 500 Internal Server Error in 2ms (ActiveRecord: 0.3ms (1 query, 0 cached) | GC: 0.0ms)


  
ActionView::Template::Error (wrong number of arguments (given 2, expected 1))
Caused by: ArgumentError (wrong number of arguments (given 2, expected 1))

Information for: ActionView::Template::Error (wrong number of arguments (given 2, expected 1)):
     7:     <meta name="mobile-web-app-capable" content="yes">
     8:     <meta name="theme-color" content="#073B4C">
     9:     <%= csrf_meta_tags %>
    10:     <%= yield :head %>
    11:     <link rel="icon" href="/icon.png" type="image/png">
    12:     <link rel="apple-touch-icon" href="/icon.png">
    13:     <%= stylesheet_link_tag :app, "data-turbo-track": "reload" %>
  
app/views/layouts/application.html.erb:10

Information for cause: ArgumentError (wrong number of arguments (given 2, expected 1)):
  
app/views/layouts/application.html.erb:10
Using vips to process variants requires the libvips library. Please install libvips using the instructions on the libvips website.
Started GET "/" for 127.0.0.1 at 2026-09-10 00:27:30 -0300
  [1m[36mActiveRecord::SchemaMigration Load (1.4ms)[0m  [1m[34mSELECT "schema_migrations"."version" FROM "schema_migrations" ORDER BY "schema_migrations"."version" ASC /*application='MisionesApp'*/[0m
Processing by GuestsController#index as HTML
  Rendering layout layouts/application.html.erb
  Rendering guests/index.html.erb within layouts/application
  [1m[36mGuest Exists? (0.9ms)[0m  [1m[34mSELECT 1 AS one FROM "guests" LIMIT 1 /*action='index',application='MisionesApp',controller='guests'*/[0m
  ↳ app/views/guests/index.html.erb:15
  Rendered guests/index.html.erb within layouts/application (Duration: 2.3ms | GC: 0.0ms)
  Rendered layout layouts/application.html.erb (Duration: 7.4ms | GC: 0.0ms)
Completed 200 OK in 41ms (Views: 8.5ms | ActiveRecord: 12.7ms (1 query, 0 cached) | GC: 0.0ms)


Using vips to process variants requires the libvips library. Please install libvips using the instructions on the libvips website.
Started GET "/" for 127.0.0.1 at 2026-09-10 00:27:38 -0300
  [1m[36mActiveRecord::SchemaMigration Load (1.3ms)[0m  [1m[34mSELECT "schema_migrations"."version" FROM "schema_migrations" ORDER BY "schema_migrations"."version" ASC /*application='MisionesApp'*/[0m
Processing by GuestsController#index as HTML
  Rendering layout layouts/application.html.erb
  Rendering guests/index.html.erb within layouts/application
  [1m[36mGuest Exists? (0.7ms)[0m  [1m[34mSELECT 1 AS one FROM "guests" LIMIT 1 /*action='index',application='MisionesApp',controller='guests'*/[0m
  ↳ app/views/guests/index.html.erb:15
  Rendered guests/index.html.erb within layouts/application (Duration: 2.1ms | GC: 0.0ms)
  Rendered layout layouts/application.html.erb (Duration: 6.8ms | GC: 0.0ms)
Completed 200 OK in 41ms (Views: 8.0ms | ActiveRecord: 11.5ms (1 query, 0 cached) | GC: 0.0ms)


Started GET "/" for 127.0.0.1 at 2026-09-10 00:27:38 -0300
Processing by GuestsController#index as HTML
  Rendering layout layouts/application.html.erb
  Rendering guests/index.html.erb within layouts/application
  [1m[36mGuest Exists? (0.3ms)[0m  [1m[34mSELECT 1 AS one FROM "guests" LIMIT 1 /*action='index',application='MisionesApp',controller='guests'*/[0m
  ↳ app/views/guests/index.html.erb:15
  Rendered guests/index.html.erb within layouts/application (Duration: 0.8ms | GC: 0.0ms)
  Rendered layout layouts/application.html.erb (Duration: 1.8ms | GC: 0.0ms)
Completed 500 Internal Server Error in 3ms (ActiveRecord: 0.3ms (1 query, 0 cached) | GC: 0.0ms)


Using vips to process variants requires the libvips library. Please install libvips using the instructions on the libvips website.
Using vips to process variants requires the libvips library. Please install libvips using the instructions on the libvips website.
Using vips to process variants requires the libvips library. Please install libvips using the instructions on the libvips website.
Started GET "/" for ::1 at 2026-09-10 07:23:08 -0300
  [1m[36mActiveRecord::SchemaMigration Load (1.9ms)[0m  [1m[34mSELECT "schema_migrations"."version" FROM "schema_migrations" ORDER BY "schema_migrations"."version" ASC /*application='MisionesApp'*/[0m
Processing by GuestsController#index as HTML
  Rendering layout layouts/application.html.erb
  Rendering guests/index.html.erb within layouts/application
  [1m[36mGuest Exists? (0.9ms)[0m  [1m[34mSELECT 1 AS one FROM "guests" LIMIT 1 /*action='index',application='MisionesApp',controller='guests'*/[0m
  ↳ app/views/guests/index.html.erb:15
  Rendered guests/index.html.erb within layouts/application (Duration: 2.8ms | GC: 0.0ms)
  Rendered layout layouts/application.html.erb (Duration: 5.2ms | GC: 0.0ms)
Completed 500 Internal Server Error in 74ms (ActiveRecord: 31.5ms (1 query, 0 cached) | GC: 0.0ms)


  
ActionView::Template::Error (wrong number of arguments (given 2, expected 1))
Caused by: ArgumentError (wrong number of arguments (given 2, expected 1))

Information for: ActionView::Template::Error (wrong number of arguments (given 2, expected 1)):
     7:     <meta name="mobile-web-app-capable" content="yes">
     8:     <meta name="theme-color" content="#073B4C">
     9:     <%= csrf_meta_tags %>
    10:     <%= yield :head %>
    11:     <link rel="icon" href="/icon.png" type="image/png">
    12:     <link rel="apple-touch-icon" href="/icon.png">
    13:     <%= stylesheet_link_tag :app, "data-turbo-track": "reload" %>
  
app/views/layouts/application.html.erb:10

Information for cause: ArgumentError (wrong number of arguments (given 2, expected 1)):
  
app/views/layouts/application.html.erb:10
Started GET "/favicon.ico" for ::1 at 2026-09-10 07:23:08 -0300
  
ActionController::RoutingError (No route matches [GET] "/favicon.ico"):
  
Started GET "/" for ::1 at 2026-09-10 07:23:09 -0300
Processing by GuestsController#index as HTML
  Rendering layout layouts/application.html.erb
  Rendering guests/index.html.erb within layouts/application
  [1m[36mGuest Exists? (0.5ms)[0m  [1m[34mSELECT 1 AS one FROM "guests" LIMIT 1 /*action='index',application='MisionesApp',controller='guests'*/[0m
  ↳ app/views/guests/index.html.erb:15
  Rendered guests/index.html.erb within layouts/application (Duration: 2.5ms | GC: 0.2ms)
  Rendered layout layouts/application.html.erb (Duration: 4.2ms | GC: 0.2ms)
Completed 500 Internal Server Error in 7ms (ActiveRecord: 0.5ms (1 query, 0 cached) | GC: 0.2ms)


  
ActionView::Template::Error (wrong number of arguments (given 2, expected 1))
Caused by: ArgumentError (wrong number of arguments (given 2, expected 1))

Information for: ActionView::Template::Error (wrong number of arguments (given 2, expected 1)):
     7:     <meta name="mobile-web-app-capable" content="yes">
     8:     <meta name="theme-color" content="#073B4C">
     9:     <%= csrf_meta_tags %>
    10:     <%= yield :head %>
    11:     <link rel="icon" href="/icon.png" type="image/png">
    12:     <link rel="apple-touch-icon" href="/icon.png">
    13:     <%= stylesheet_link_tag :app, "data-turbo-track": "reload" %>
  
app/views/layouts/application.html.erb:10

Information for cause: ArgumentError (wrong number of arguments (given 2, expected 1)):
  
app/views/layouts/application.html.erb:10
Started GET "/favicon.ico" for ::1 at 2026-09-10 07:23:09 -0300
  
ActionController::RoutingError (No route matches [GET] "/favicon.ico"):
  
Started GET "/" for ::1 at 2026-09-10 07:23:10 -0300
Processing by GuestsController#index as HTML
  Rendering layout layouts/application.html.erb
  Rendering guests/index.html.erb within layouts/application
  [1m[36mGuest Exists? (0.5ms)[0m  [1m[34mSELECT 1 AS one FROM "guests" LIMIT 1 /*action='index',application='MisionesApp',controller='guests'*/[0m
  ↳ app/views/guests/index.html.erb:15
  Rendered guests/index.html.erb within layouts/application (Duration: 1.8ms | GC: 0.0ms)
  Rendered layout layouts/application.html.erb (Duration: 3.7ms | GC: 0.3ms)
Completed 500 Internal Server Error in 6ms (ActiveRecord: 0.5ms (1 query, 0 cached) | GC: 0.3ms)


  
ActionView::Template::Error (wrong number of arguments (given 2, expected 1))
Caused by: ArgumentError (wrong number of arguments (given 2, expected 1))

Information for: ActionView::Template::Error (wrong number of arguments (given 2, expected 1)):
     7:     <meta name="mobile-web-app-capable" content="yes">
     8:     <meta name="theme-color" content="#073B4C">
     9:     <%= csrf_meta_tags %>
    10:     <%= yield :head %>
    11:     <link rel="icon" href="/icon.png" type="image/png">
    12:     <link rel="apple-touch-icon" href="/icon.png">
    13:     <%= stylesheet_link_tag :app, "data-turbo-track": "reload" %>
  
app/views/layouts/application.html.erb:10

Information for cause: ArgumentError (wrong number of arguments (given 2, expected 1)):
  
app/views/layouts/application.html.erb:10
Started GET "/favicon.ico" for ::1 at 2026-09-10 07:23:10 -0300
  
ActionController::RoutingError (No route matches [GET] "/favicon.ico"):
  
Started GET "/" for ::1 at 2026-09-10 07:23:11 -0300
Processing by GuestsController#index as HTML
  Rendering layout layouts/application.html.erb
  Rendering guests/index.html.erb within layouts/application
  [1m[36mGuest Exists? (0.4ms)[0m  [1m[34mSELECT 1 AS one FROM "guests" LIMIT 1 /*action='index',application='MisionesApp',controller='guests'*/[0m
  ↳ app/views/guests/index.html.erb:15
  Rendered guests/index.html.erb within layouts/application (Duration: 1.8ms | GC: 0.0ms)
  Rendered layout layouts/application.html.erb (Duration: 3.3ms | GC: 0.0ms)
Completed 500 Internal Server Error in 6ms (ActiveRecord: 0.4ms (1 query, 0 cached) | GC: 0.0ms)


  
ActionView::Template::Error (wrong number of arguments (given 2, expected 1))
Caused by: ArgumentError (wrong number of arguments (given 2, expected 1))

Information for: ActionView::Template::Error (wrong number of arguments (given 2, expected 1)):
     7:     <meta name="mobile-web-app-capable" content="yes">
     8:     <meta name="theme-color" content="#073B4C">
     9:     <%= csrf_meta_tags %>
    10:     <%= yield :head %>
    11:     <link rel="icon" href="/icon.png" type="image/png">
    12:     <link rel="apple-touch-icon" href="/icon.png">
    13:     <%= stylesheet_link_tag :app, "data-turbo-track": "reload" %>
  
app/views/layouts/application.html.erb:10

Information for cause: ArgumentError (wrong number of arguments (given 2, expected 1)):
  
app/views/layouts/application.html.erb:10
Started GET "/favicon.ico" for ::1 at 2026-09-10 07:23:11 -0300
  
ActionController::RoutingError (No route matches [GET] "/favicon.ico"):
  
Using vips to process variants requires the libvips library. Please install libvips using the instructions on the libvips website.
Using vips to process variants requires the libvips library. Please install libvips using the instructions on the libvips website.
Started GET "/" for 127.0.0.1 at 2026-09-10 07:23:35 -0300
  [1m[36mActiveRecord::SchemaMigration Load (2.8ms)[0m  [1m[34mSELECT "schema_migrations"."version" FROM "schema_migrations" ORDER BY "schema_migrations"."version" ASC /*application='MisionesApp'*/[0m
Processing by GuestsController#index as HTML
  Rendering layout layouts/application.html.erb
  Rendering guests/index.html.erb within layouts/application
  [1m[36mGuest Exists? (0.8ms)[0m  [1m[34mSELECT 1 AS one FROM "guests" LIMIT 1 /*action='index',application='MisionesApp',controller='guests'*/[0m
  ↳ app/views/guests/index.html.erb:15
  Rendered guests/index.html.erb within layouts/application (Duration: 2.7ms | GC: 0.0ms)
  Rendered layout layouts/application.html.erb (Duration: 11.7ms | GC: 0.0ms)
Completed 200 OK in 47ms (Views: 13.7ms | ActiveRecord: 9.5ms (1 query, 0 cached) | GC: 0.0ms)


Started GET "/" for 127.0.0.1 at 2026-09-10 07:23:35 -0300
Processing by GuestsController#index as HTML
  Rendering layout layouts/application.html.erb
  Rendering guests/index.html.erb within layouts/application
  [1m[36mGuest Exists? (1.6ms)[0m  [1m[34mSELECT 1 AS one FROM "guests" LIMIT 1 /*action='index',application='MisionesApp',controller='guests'*/[0m
  ↳ app/views/guests/index.html.erb:15
  Rendered guests/index.html.erb within layouts/application (Duration: 2.2ms | GC: 0.0ms)
  Rendered layout layouts/application.html.erb (Duration: 3.6ms | GC: 0.0ms)
Completed 500 Internal Server Error in 4ms (ActiveRecord: 1.6ms (1 query, 0 cached) | GC: 0.0ms)


  
ActionView::Template::Error (wrong number of arguments (given 2, expected 1))
Caused by: ArgumentError (wrong number of arguments (given 2, expected 1))

Information for: ActionView::Template::Error (wrong number of arguments (given 2, expected 1)):
     7:     <meta name="mobile-web-app-capable" content="yes">
     8:     <meta name="theme-color" content="#073B4C">
     9:     <%= csrf_meta_tags %>
    10:     <%= yield :head %>
    11:     <link rel="icon" href="/icon.png" type="image/png">
    12:     <link rel="apple-touch-icon" href="/icon.png">
    13:     <%= stylesheet_link_tag :app, "data-turbo-track": "reload" %>
  
app/views/layouts/application.html.erb:10

Information for cause: ArgumentError (wrong number of arguments (given 2, expected 1)):
  
app/views/layouts/application.html.erb:10
Started GET "/" for 127.0.0.1 at 2026-09-10 07:23:36 -0300
Processing by GuestsController#index as HTML
  Rendering layout layouts/application.html.erb
  Rendering guests/index.html.erb within layouts/application
  [1m[36mGuest Exists? (0.3ms)[0m  [1m[34mSELECT 1 AS one FROM "guests" LIMIT 1 /*action='index',application='MisionesApp',controller='guests'*/[0m
  ↳ app/views/guests/index.html.erb:15
  Rendered guests/index.html.erb within layouts/application (Duration: 0.9ms | GC: 0.0ms)
  Rendered layout layouts/application.html.erb (Duration: 5.3ms | GC: 3.8ms)
Completed 500 Internal Server Error in 6ms (ActiveRecord: 0.3ms (1 query, 0 cached) | GC: 3.8ms)


  
ActionView::Template::Error (wrong number of arguments (given 2, expected 1))
Caused by: ArgumentError (wrong number of arguments (given 2, expected 1))

Information for: ActionView::Template::Error (wrong number of arguments (given 2, expected 1)):
     7:     <meta name="mobile-web-app-capable" content="yes">
     8:     <meta name="theme-color" content="#073B4C">
     9:     <%= csrf_meta_tags %>
    10:     <%= yield :head %>
    11:     <link rel="icon" href="/icon.png" type="image/png">
    12:     <link rel="apple-touch-icon" href="/icon.png">
    13:     <%= stylesheet_link_tag :app, "data-turbo-track": "reload" %>
  
app/views/layouts/application.html.erb:10

Information for cause: ArgumentError (wrong number of arguments (given 2, expected 1)):
  
app/views/layouts/application.html.erb:10
Using vips to process variants requires the libvips library. Please install libvips using the instructions on the libvips website.
Started GET "/" for 127.0.0.1 at 2026-09-10 07:24:22 -0300
  [1m[36mActiveRecord::SchemaMigration Load (1.3ms)[0m  [1m[34mSELECT "schema_migrations"."version" FROM "schema_migrations" ORDER BY "schema_migrations"."version" ASC /*application='MisionesApp'*/[0m
Processing by GuestsController#index as HTML
  Rendering layout layouts/application.html.erb
  Rendering guests/index.html.erb within layouts/application
  [1m[36mGuest Exists? (0.6ms)[0m  [1m[34mSELECT 1 AS one FROM "guests" LIMIT 1 /*action='index',application='MisionesApp',controller='guests'*/[0m
  ↳ app/views/guests/index.html.erb:15
  Rendered guests/index.html.erb within layouts/application (Duration: 2.4ms | GC: 0.0ms)
  Rendered layout layouts/application.html.erb (Duration: 10.7ms | GC: 0.0ms)
Completed 200 OK in 48ms (Views: 13.0ms | ActiveRecord: 9.1ms (1 query, 0 cached) | GC: 0.0ms)


Started GET "/" for 127.0.0.1 at 2026-09-10 07:24:23 -0300
Processing by GuestsController#index as HTML
  Rendering layout layouts/application.html.erb
  Rendering guests/index.html.erb within layouts/application
  [1m[36mGuest Exists? (0.3ms)[0m  [1m[34mSELECT 1 AS one FROM "guests" LIMIT 1 /*action='index',application='MisionesApp',controller='guests'*/[0m
  ↳ app/views/guests/index.html.erb:15
  Rendered guests/index.html.erb within layouts/application (Duration: 0.8ms | GC: 0.0ms)
  Rendered layout layouts/application.html.erb (Duration: 2.2ms | GC: 0.0ms)
Completed 500 Internal Server Error in 3ms (ActiveRecord: 0.3ms (1 query, 0 cached) | GC: 0.0ms)


  
ActionView::Template::Error (wrong number of arguments (given 2, expected 1))
Caused by: ArgumentError (wrong number of arguments (given 2, expected 1))

Information for: ActionView::Template::Error (wrong number of arguments (given 2, expected 1)):
     7:     <meta name="mobile-web-app-capable" content="yes">
     8:     <meta name="theme-color" content="#073B4C">
     9:     <%= csrf_meta_tags %>
    10:     <%= yield :head %>
    11:     <link rel="icon" href="/icon.png" type="image/png">
    12:     <link rel="apple-touch-icon" href="/icon.png">
    13:     <%= stylesheet_link_tag :app, "data-turbo-track": "reload" %>
  
app/views/layouts/application.html.erb:10

Information for cause: ArgumentError (wrong number of arguments (given 2, expected 1)):
  
app/views/layouts/application.html.erb:10
Started GET "/" for 127.0.0.1 at 2026-09-10 07:24:23 -0300
Processing by GuestsController#index as HTML
  Rendering layout layouts/application.html.erb
  Rendering guests/index.html.erb within layouts/application
  [1m[36mGuest Exists? (0.3ms)[0m  [1m[34mSELECT 1 AS one FROM "guests" LIMIT 1 /*action='index',application='MisionesApp',controller='guests'*/[0m
  ↳ app/views/guests/index.html.erb:15
  Rendered guests/index.html.erb within layouts/application (Duration: 0.8ms | GC: 0.0ms)
  Rendered layout layouts/application.html.erb (Duration: 5.4ms | GC: 3.9ms)
Completed 500 Internal Server Error in 6ms (ActiveRecord: 0.3ms (1 query, 0 cached) | GC: 3.9ms)


  
ActionView::Template::Error (wrong number of arguments (given 2, expected 1))
Caused by: ArgumentError (wrong number of arguments (given 2, expected 1))

Information for: ActionView::Template::Error (wrong number of arguments (given 2, expected 1)):
     7:     <meta name="mobile-web-app-capable" content="yes">
     8:     <meta name="theme-color" content="#073B4C">
     9:     <%= csrf_meta_tags %>
    10:     <%= yield :head %>
    11:     <link rel="icon" href="/icon.png" type="image/png">
    12:     <link rel="apple-touch-icon" href="/icon.png">
    13:     <%= stylesheet_link_tag :app, "data-turbo-track": "reload" %>
  
app/views/layouts/application.html.erb:10

Information for cause: ArgumentError (wrong number of arguments (given 2, expected 1)):
  
app/views/layouts/application.html.erb:10
Started GET "/admin/login" for 127.0.0.1 at 2026-09-10 07:24:23 -0300
Processing by Admin::SessionsController#new as HTML
Completed 500 Internal Server Error in 1ms (ActiveRecord: 0.0ms (0 queries, 0 cached) | GC: 0.0ms)


  
ArgumentError (wrong number of arguments (given 2, expected 1)):
  
app/controllers/admin/sessions_controller.rb:8:in 'Admin::SessionsController#new'
Using vips to process variants requires the libvips library. Please install libvips using the instructions on the libvips website.
Using vips to process variants requires the libvips library. Please install libvips using the instructions on the libvips website.
Started GET "/" for 127.0.0.1 at 2026-09-10 07:24:54 -0300
  [1m[36mActiveRecord::SchemaMigration Load (1.5ms)[0m  [1m[34mSELECT "schema_migrations"."version" FROM "schema_migrations" ORDER BY "schema_migrations"."version" ASC /*application='MisionesApp'*/[0m
Processing by GuestsController#index as HTML
  Rendering layout layouts/application.html.erb
  Rendering guests/index.html.erb within layouts/application
  [1m[36mGuest Exists? (0.6ms)[0m  [1m[34mSELECT 1 AS one FROM "guests" LIMIT 1 /*action='index',application='MisionesApp',controller='guests'*/[0m
  ↳ app/views/guests/index.html.erb:15
  Rendered guests/index.html.erb within layouts/application (Duration: 2.0ms | GC: 0.1ms)
  Rendered layout layouts/application.html.erb (Duration: 8.8ms | GC: 0.7ms)
Completed 200 OK in 52ms (Views: 10.5ms | ActiveRecord: 9.1ms (1 query, 0 cached) | GC: 10.8ms)


Started GET "/" for 127.0.0.1 at 2026-09-10 07:24:54 -0300
Processing by GuestsController#index as HTML
  Rendering layout layouts/application.html.erb
  Rendering guests/index.html.erb within layouts/application
  [1m[36mGuest Exists? (0.2ms)[0m  [1m[34mSELECT 1 AS one FROM "guests" LIMIT 1 /*action='index',application='MisionesApp',controller='guests'*/[0m
  ↳ app/views/guests/index.html.erb:15
  Rendered guests/index.html.erb within layouts/application (Duration: 0.6ms | GC: 0.0ms)
  Rendered layout layouts/application.html.erb (Duration: 0.9ms | GC: 0.0ms)
Completed 200 OK in 1ms (Views: 0.8ms | ActiveRecord: 0.2ms (1 query, 0 cached) | GC: 0.0ms)


Using vips to process variants requires the libvips library. Please install libvips using the instructions on the libvips website.
Started GET "/" for 127.0.0.1 at 2026-09-10 07:25:05 -0300
  [1m[36mActiveRecord::SchemaMigration Load (0.8ms)[0m  [1m[34mSELECT "schema_migrations"."version" FROM "schema_migrations" ORDER BY "schema_migrations"."version" ASC /*application='MisionesApp'*/[0m
Processing by GuestsController#index as HTML
  Rendering layout layouts/application.html.erb
  Rendering guests/index.html.erb within layouts/application
  [1m[36mGuest Exists? (0.5ms)[0m  [1m[34mSELECT 1 AS one FROM "guests" LIMIT 1 /*action='index',application='MisionesApp',controller='guests'*/[0m
  ↳ app/views/guests/index.html.erb:15
  Rendered guests/index.html.erb within layouts/application (Duration: 1.9ms | GC: 0.0ms)
  Rendered layout layouts/application.html.erb (Duration: 7.9ms | GC: 0.3ms)
Completed 200 OK in 38ms (Views: 9.7ms | ActiveRecord: 7.8ms (1 query, 0 cached) | GC: 1.5ms)


Started GET "/" for 127.0.0.1 at 2026-09-10 07:25:05 -0300
Processing by GuestsController#index as HTML
  Rendering layout layouts/application.html.erb
  Rendering guests/index.html.erb within layouts/application
  [1m[36mGuest Exists? (0.2ms)[0m  [1m[34mSELECT 1 AS one FROM "guests" LIMIT 1 /*action='index',application='MisionesApp',controller='guests'*/[0m
  ↳ app/views/guests/index.html.erb:15
  Rendered guests/index.html.erb within layouts/application (Duration: 0.6ms | GC: 0.0ms)
  Rendered layout layouts/application.html.erb (Duration: 1.9ms | GC: 0.0ms)
Completed 500 Internal Server Error in 2ms (ActiveRecord: 0.2ms (1 query, 0 cached) | GC: 0.0ms)


  
ActionView::Template::Error (wrong number of arguments (given 2, expected 1))
Caused by: ArgumentError (wrong number of arguments (given 2, expected 1))

Information for: ActionView::Template::Error (wrong number of arguments (given 2, expected 1)):
     7:     <meta name="mobile-web-app-capable" content="yes">
     8:     <meta name="theme-color" content="#073B4C">
     9:     <%= csrf_meta_tags %>
    10:     <%= yield :head %>
    11:     <link rel="icon" href="/icon.png" type="image/png">
    12:     <link rel="apple-touch-icon" href="/icon.png">
    13:     <%= stylesheet_link_tag :app, "data-turbo-track": "reload" %>
  
app/views/layouts/application.html.erb:10

Information for cause: ArgumentError (wrong number of arguments (given 2, expected 1)):
  
app/views/layouts/application.html.erb:10
Using vips to process variants requires the libvips library. Please install libvips using the instructions on the libvips website.
Using vips to process variants requires the libvips library. Please install libvips using the instructions on the libvips website.
Using vips to process variants requires the libvips library. Please install libvips using the instructions on the libvips website.
Using vips to process variants requires the libvips library. Please install libvips using the instructions on the libvips website.
Using vips to process variants requires the libvips library. Please install libvips using the instructions on the libvips website.
Started GET "/" for 127.0.0.1 at 2026-09-10 07:28:27 -0300
  [1m[36mActiveRecord::SchemaMigration Load (1.8ms)[0m  [1m[34mSELECT "schema_migrations"."version" FROM "schema_migrations" ORDER BY "schema_migrations"."version" ASC /*application='MisionesApp'*/[0m
Processing by GuestsController#index as HTML
  Rendering layout layouts/application.html.erb
  Rendering guests/index.html.erb within layouts/application
  [1m[36mGuest Exists? (0.7ms)[0m  [1m[34mSELECT 1 AS one FROM "guests" LIMIT 1 /*action='index',application='MisionesApp',controller='guests'*/[0m
  ↳ app/views/guests/index.html.erb:15
  Rendered guests/index.html.erb within layouts/application (Duration: 2.1ms | GC: 0.0ms)
  Rendered layout layouts/application.html.erb (Duration: 8.5ms | GC: 0.3ms)
Completed 200 OK in 45ms (Views: 10.2ms | ActiveRecord: 12.2ms (1 query, 0 cached) | GC: 1.6ms)


Started GET "/" for 127.0.0.1 at 2026-09-10 07:28:27 -0300
Processing by GuestsController#index as HTML
  Rendering layout layouts/application.html.erb
  Rendering guests/index.html.erb within layouts/application
  [1m[36mGuest Exists? (0.5ms)[0m  [1m[34mSELECT 1 AS one FROM "guests" LIMIT 1 /*action='index',application='MisionesApp',controller='guests'*/[0m
  ↳ app/views/guests/index.html.erb:15
  Rendered guests/index.html.erb within layouts/application (Duration: 0.9ms | GC: 0.0ms)
  Rendered layout layouts/application.html.erb (Duration: 5.7ms | GC: 0.0ms)
Completed 200 OK in 6ms (Views: 5.5ms | ActiveRecord: 0.5ms (1 query, 0 cached) | GC: 0.0ms)


Started GET "/" for 127.0.0.1 at 2026-09-10 07:28:27 -0300
Processing by GuestsController#index as HTML
  Rendering layout layouts/application.html.erb
  Rendering guests/index.html.erb within layouts/application
  [1m[36mGuest Exists? (0.2ms)[0m  [1m[34mSELECT 1 AS one FROM "guests" LIMIT 1 /*action='index',application='MisionesApp',controller='guests'*/[0m
  ↳ app/views/guests/index.html.erb:15
  Rendered guests/index.html.erb within layouts/application (Duration: 0.6ms | GC: 0.0ms)
  Rendered layout layouts/application.html.erb (Duration: 1.0ms | GC: 0.0ms)
Completed 200 OK in 2ms (Views: 0.9ms | ActiveRecord: 0.2ms (1 query, 0 cached) | GC: 0.0ms)


Started GET "/admin/login" for 127.0.0.1 at 2026-09-10 07:28:27 -0300
Processing by Admin::SessionsController#new as HTML
Completed 406 Not Acceptable in 1ms (ActiveRecord: 0.0ms (0 queries, 0 cached) | GC: 0.0ms)


  
ActionController::MissingExactTemplate (Admin::SessionsController#new is missing a template for request formats: text/html):
  
actionpack (8.1.3.1) lib/action_controller/metal/implicit_render.rb:49:in 'ActionController::ImplicitRender#default_render'
actionpack (8.1.3.1) lib/action_controller/metal/basic_implicit_render.rb:9:in 'ActionController::BasicImplicitRender#send_action'
actionpack (8.1.3.1) lib/abstract_controller/base.rb:221:in 'AbstractController::Base#process_action'
actionpack (8.1.3.1) lib/action_controller/metal/rendering.rb:199:in 'ActionController::Rendering#process_action'
actionpack (8.1.3.1) lib/abstract_controller/callbacks.rb:267:in 'block in AbstractController::Callbacks#process_action'
activesupport (8.1.3.1) lib/active_support/callbacks.rb:121:in 'block in ActiveSupport::Callbacks#run_callbacks'
turbo-rails (2.0.23) lib/turbo-rails.rb:24:in 'Turbo.with_request_id'
turbo-rails (2.0.23) app/controllers/concerns/turbo/request_id_tracking.rb:10:in 'Turbo::RequestIdTracking#turbo_tracking_request_id'
activesupport (8.1.3.1) lib/active_support/callbacks.rb:130:in 'block in ActiveSupport::Callbacks#run_callbacks'
actiontext (8.1.3.1) lib/action_text/rendering.rb:24:in 'ActionText::Rendering::ClassMethods#with_renderer'
actiontext (8.1.3.1) lib/action_text/engine.rb:72:in 'block (4 levels) in <class:Engine>'
activesupport (8.1.3.1) lib/active_support/callbacks.rb:130:in 'BasicObject#instance_exec'
activesupport (8.1.3.1) lib/active_support/callbacks.rb:130:in 'block in ActiveSupport::Callbacks#run_callbacks'
activesupport (8.1.3.1) lib/active_support/callbacks.rb:141:in 'ActiveSupport::Callbacks#run_callbacks'
actionpack (8.1.3.1) lib/abstract_controller/callbacks.rb:266:in 'AbstractController::Callbacks#process_action'
actionpack (8.1.3.1) lib/action_controller/metal/rescue.rb:36:in 'ActionController::Rescue#process_action'
actionpack (8.1.3.1) lib/action_controller/metal/instrumentation.rb:76:in 'block in ActionController::Instrumentation#process_action'
activesupport (8.1.3.1) lib/active_support/notifications.rb:210:in 'block in ActiveSupport::Notifications.instrument'
activesupport (8.1.3.1) lib/active_support/notifications/instrumenter.rb:58:in 'ActiveSupport::Notifications::Instrumenter#instrument'
activesupport (8.1.3.1) lib/active_support/notifications.rb:210:in 'ActiveSupport::Notifications.instrument'
actionpack (8.1.3.1) lib/action_controller/metal/instrumentation.rb:75:in 'ActionController::Instrumentation#process_action'
actionpack (8.1.3.1) lib/action_controller/metal/params_wrapper.rb:259:in 'ActionController::ParamsWrapper#process_action'
activerecord (8.1.3.1) lib/active_record/railties/controller_runtime.rb:39:in 'ActiveRecord::Railties::ControllerRuntime#process_action'
actionpack (8.1.3.1) lib/abstract_controller/base.rb:154:in 'AbstractController::Base#process'
actionview (8.1.3.1) lib/action_view/rendering.rb:40:in 'ActionView::Rendering#process'
actionpack (8.1.3.1) lib/action_controller/metal.rb:252:in 'ActionController::Metal#dispatch'
actionpack (8.1.3.1) lib/action_controller/metal.rb:335:in 'ActionController::Metal.dispatch'
actionpack (8.1.3.1) lib/action_dispatch/routing/route_set.rb:65:in 'ActionDispatch::Routing::RouteSet::Dispatcher#dispatch'
actionpack (8.1.3.1) lib/action_dispatch/routing/route_set.rb:50:in 'ActionDispatch::Routing::RouteSet::Dispatcher#serve'
actionpack (8.1.3.1) lib/action_dispatch/journey/router.rb:35:in 'block in ActionDispatch::Journey::Router#serve'
actionpack (8.1.3.1) lib/action_dispatch/journey/router.rb:86:in 'block in ActionDispatch::Journey::Router#recognize'
actionpack (8.1.3.1) lib/action_dispatch/journey/router.rb:66:in 'Array#each'
actionpack (8.1.3.1) lib/action_dispatch/journey/router.rb:66:in 'ActionDispatch::Journey::Router#recognize'
actionpack (8.1.3.1) lib/action_dispatch/journey/router.rb:31:in 'ActionDispatch::Journey::Router#serve'
actionpack (8.1.3.1) lib/action_dispatch/routing/route_set.rb:906:in 'ActionDispatch::Routing::RouteSet#call'
railties (8.1.3.1) lib/rails/engine/lazy_route_set.rb:60:in 'Rails::Engine::LazyRouteSet#call'
rack (3.2.7) lib/rack/tempfile_reaper.rb:20:in 'Rack::TempfileReaper#call'
rack (3.2.7) lib/rack/etag.rb:29:in 'Rack::ETag#call'
rack (3.2.7) lib/rack/conditional_get.rb:31:in 'Rack::ConditionalGet#call'
rack (3.2.7) lib/rack/head.rb:15:in 'Rack::Head#call'
actionpack (8.1.3.1) lib/action_dispatch/http/content_security_policy.rb:38:in 'ActionDispatch::ContentSecurityPolicy::Middleware#call'
rack-session (2.1.2) lib/rack/session/abstract/id.rb:274:in 'Rack::Session::Abstract::Persisted#context'
rack-session (2.1.2) lib/rack/session/abstract/id.rb:268:in 'Rack::Session::Abstract::Persisted#call'
actionpack (8.1.3.1) lib/action_dispatch/middleware/cookies.rb:708:in 'ActionDispatch::Cookies#call'
activerecord (8.1.3.1) lib/active_record/migration.rb:671:in 'ActiveRecord::Migration::CheckPending#call'
actionpack (8.1.3.1) lib/action_dispatch/middleware/callbacks.rb:31:in 'block in ActionDispatch::Callbacks#call'
activesupport (8.1.3.1) lib/active_support/callbacks.rb:101:in 'ActiveSupport::Callbacks#run_callbacks'
actionpack (8.1.3.1) lib/action_dispatch/middleware/callbacks.rb:30:in 'ActionDispatch::Callbacks#call'
actionpack (8.1.3.1) lib/action_dispatch/middleware/executor.rb:20:in 'ActionDispatch::Executor#call'
actionpack (8.1.3.1) lib/action_dispatch/middleware/actionable_exceptions.rb:18:in 'ActionDispatch::ActionableExceptions#call'
actionpack (8.1.3.1) lib/action_dispatch/middleware/debug_exceptions.rb:31:in 'ActionDispatch::DebugExceptions#call'
web-console (4.3.0) lib/web_console/middleware.rb:132:in 'WebConsole::Middleware#call_app'
web-console (4.3.0) lib/web_console/middleware.rb:28:in 'block in WebConsole::Middleware#call'
web-console (4.3.0) lib/web_console/middleware.rb:17:in 'Kernel#catch'
web-console (4.3.0) lib/web_console/middleware.rb:17:in 'WebConsole::Middleware#call'
actionpack (8.1.3.1) lib/action_dispatch/middleware/show_exceptions.rb:32:in 'ActionDispatch::ShowExceptions#call'
railties (8.1.3.1) lib/rails/rack/logger.rb:41:in 'Rails::Rack::Logger#call_app'
railties (8.1.3.1) lib/rails/rack/logger.rb:29:in 'Rails::Rack::Logger#call'
propshaft (1.3.2) lib/propshaft/quiet_assets.rb:11:in 'Propshaft::QuietAssets#call'
actionpack (8.1.3.1) lib/action_dispatch/middleware/remote_ip.rb:98:in 'ActionDispatch::RemoteIp#call'
actionpack (8.1.3.1) lib/action_dispatch/middleware/request_id.rb:34:in 'ActionDispatch::RequestId#call'
rack (3.2.7) lib/rack/method_override.rb:28:in 'Rack::MethodOverride#call'
rack (3.2.7) lib/rack/runtime.rb:24:in 'Rack::Runtime#call'
activesupport (8.1.3.1) lib/active_support/cache/strategy/local_cache_middleware.rb:30:in 'ActiveSupport::Cache::Strategy::LocalCache::Middleware#call'
actionpack (8.1.3.1) lib/action_dispatch/middleware/server_timing.rb:61:in 'block in ActionDispatch::ServerTiming#call'
actionpack (8.1.3.1) lib/action_dispatch/middleware/server_timing.rb:26:in 'ActionDispatch::ServerTiming::Subscriber#collect_events'
actionpack (8.1.3.1) lib/action_dispatch/middleware/server_timing.rb:60:in 'ActionDispatch::ServerTiming#call'
actionpack (8.1.3.1) lib/action_dispatch/middleware/executor.rb:20:in 'ActionDispatch::Executor#call'
propshaft (1.3.2) lib/propshaft/server.rb:37:in 'Propshaft::Server#call'
actionpack (8.1.3.1) lib/action_dispatch/middleware/static.rb:27:in 'ActionDispatch::Static#call'
rack (3.2.7) lib/rack/sendfile.rb:131:in 'Rack::Sendfile#call'
actionpack (8.1.3.1) lib/action_dispatch/middleware/host_authorization.rb:143:in 'ActionDispatch::HostAuthorization#call'
railties (8.1.3.1) lib/rails/engine.rb:534:in 'Rails::Engine#call'
rack-test (2.2.0) lib/rack/test.rb:360:in 'Rack::Test::Session#process_request'
rack-test (2.2.0) lib/rack/test.rb:153:in 'Rack::Test::Session#request'
actionpack (8.1.3.1) lib/action_dispatch/testing/integration.rb:298:in 'ActionDispatch::Integration::Session#process'
actionpack (8.1.3.1) lib/action_dispatch/testing/integration.rb:19:in 'ActionDispatch::Integration::RequestHelpers#get'
/tmp/test_full.rb:18:in '<main>'
Started POST "/admin/login" for 127.0.0.1 at 2026-09-10 07:28:27 -0300
Processing by Admin::SessionsController#create as HTML
  Parameters: {"password" => "[FILTERED]"}
Can't verify CSRF token authenticity.
Completed 422 Unprocessable Content in 0ms (ActiveRecord: 0.0ms (0 queries, 0 cached) | GC: 0.0ms)


  
ActionController::InvalidAuthenticityToken (Can't verify CSRF token authenticity.):
  
actionpack (8.1.3.1) lib/action_controller/metal/request_forgery_protection.rb:321:in 'ActionController::RequestForgeryProtection::ProtectionMethods::Exception#handle_unverified_request'
actionpack (8.1.3.1) lib/action_controller/metal/request_forgery_protection.rb:415:in 'ActionController::RequestForgeryProtection#handle_unverified_request'
actionpack (8.1.3.1) lib/action_controller/metal/request_forgery_protection.rb:404:in 'ActionController::RequestForgeryProtection#verify_authenticity_token'
activesupport (8.1.3.1) lib/active_support/callbacks.rb:362:in 'block in ActiveSupport::Callbacks::CallTemplate::MethodCall#make_lambda'
activesupport (8.1.3.1) lib/active_support/callbacks.rb:179:in 'block in ActiveSupport::Callbacks::Filters::Before#call'
actionpack (8.1.3.1) lib/abstract_controller/callbacks.rb:36:in 'block (2 levels) in <module:Callbacks>'
activesupport (8.1.3.1) lib/active_support/callbacks.rb:180:in 'ActiveSupport::Callbacks::Filters::Before#call'
activesupport (8.1.3.1) lib/active_support/callbacks.rb:560:in 'block in ActiveSupport::Callbacks::CallbackSequence#invoke_before'
activesupport (8.1.3.1) lib/active_support/callbacks.rb:560:in 'Array#each'
activesupport (8.1.3.1) lib/active_support/callbacks.rb:560:in 'ActiveSupport::Callbacks::CallbackSequence#invoke_before'
activesupport (8.1.3.1) lib/active_support/callbacks.rb:119:in 'block in ActiveSupport::Callbacks#run_callbacks'
activesupport (8.1.3.1) lib/active_support/callbacks.rb:141:in 'ActiveSupport::Callbacks#run_callbacks'
actionpack (8.1.3.1) lib/abstract_controller/callbacks.rb:266:in 'AbstractController::Callbacks#process_action'
actionpack (8.1.3.1) lib/action_controller/metal/rescue.rb:36:in 'ActionController::Rescue#process_action'
actionpack (8.1.3.1) lib/action_controller/metal/instrumentation.rb:76:in 'block in ActionController::Instrumentation#process_action'
activesupport (8.1.3.1) lib/active_support/notifications.rb:210:in 'block in ActiveSupport::Notifications.instrument'
activesupport (8.1.3.1) lib/active_support/notifications/instrumenter.rb:58:in 'ActiveSupport::Notifications::Instrumenter#instrument'
activesupport (8.1.3.1) lib/active_support/notifications.rb:210:in 'ActiveSupport::Notifications.instrument'
actionpack (8.1.3.1) lib/action_controller/metal/instrumentation.rb:75:in 'ActionController::Instrumentation#process_action'
actionpack (8.1.3.1) lib/action_controller/metal/params_wrapper.rb:259:in 'ActionController::ParamsWrapper#process_action'
activerecord (8.1.3.1) lib/active_record/railties/controller_runtime.rb:39:in 'ActiveRecord::Railties::ControllerRuntime#process_action'
actionpack (8.1.3.1) lib/abstract_controller/base.rb:154:in 'AbstractController::Base#process'
actionview (8.1.3.1) lib/action_view/rendering.rb:40:in 'ActionView::Rendering#process'
actionpack (8.1.3.1) lib/action_controller/metal.rb:252:in 'ActionController::Metal#dispatch'
actionpack (8.1.3.1) lib/action_controller/metal.rb:335:in 'ActionController::Metal.dispatch'
actionpack (8.1.3.1) lib/action_dispatch/routing/route_set.rb:65:in 'ActionDispatch::Routing::RouteSet::Dispatcher#dispatch'
actionpack (8.1.3.1) lib/action_dispatch/routing/route_set.rb:50:in 'ActionDispatch::Routing::RouteSet::Dispatcher#serve'
actionpack (8.1.3.1) lib/action_dispatch/journey/router.rb:35:in 'block in ActionDispatch::Journey::Router#serve'
actionpack (8.1.3.1) lib/action_dispatch/journey/router.rb:86:in 'block in ActionDispatch::Journey::Router#recognize'
actionpack (8.1.3.1) lib/action_dispatch/journey/router.rb:66:in 'Array#each'
actionpack (8.1.3.1) lib/action_dispatch/journey/router.rb:66:in 'ActionDispatch::Journey::Router#recognize'
actionpack (8.1.3.1) lib/action_dispatch/journey/router.rb:31:in 'ActionDispatch::Journey::Router#serve'
actionpack (8.1.3.1) lib/action_dispatch/routing/route_set.rb:906:in 'ActionDispatch::Routing::RouteSet#call'
railties (8.1.3.1) lib/rails/engine/lazy_route_set.rb:60:in 'Rails::Engine::LazyRouteSet#call'
rack (3.2.7) lib/rack/tempfile_reaper.rb:20:in 'Rack::TempfileReaper#call'
rack (3.2.7) lib/rack/etag.rb:29:in 'Rack::ETag#call'
rack (3.2.7) lib/rack/conditional_get.rb:44:in 'Rack::ConditionalGet#call'
rack (3.2.7) lib/rack/head.rb:15:in 'Rack::Head#call'
actionpack (8.1.3.1) lib/action_dispatch/http/content_security_policy.rb:38:in 'ActionDispatch::ContentSecurityPolicy::Middleware#call'
rack-session (2.1.2) lib/rack/session/abstract/id.rb:274:in 'Rack::Session::Abstract::Persisted#context'
rack-session (2.1.2) lib/rack/session/abstract/id.rb:268:in 'Rack::Session::Abstract::Persisted#call'
actionpack (8.1.3.1) lib/action_dispatch/middleware/cookies.rb:708:in 'ActionDispatch::Cookies#call'
activerecord (8.1.3.1) lib/active_record/migration.rb:671:in 'ActiveRecord::Migration::CheckPending#call'
actionpack (8.1.3.1) lib/action_dispatch/middleware/callbacks.rb:31:in 'block in ActionDispatch::Callbacks#call'
activesupport (8.1.3.1) lib/active_support/callbacks.rb:101:in 'ActiveSupport::Callbacks#run_callbacks'
actionpack (8.1.3.1) lib/action_dispatch/middleware/callbacks.rb:30:in 'ActionDispatch::Callbacks#call'
actionpack (8.1.3.1) lib/action_dispatch/middleware/executor.rb:20:in 'ActionDispatch::Executor#call'
actionpack (8.1.3.1) lib/action_dispatch/middleware/actionable_exceptions.rb:18:in 'ActionDispatch::ActionableExceptions#call'
actionpack (8.1.3.1) lib/action_dispatch/middleware/debug_exceptions.rb:31:in 'ActionDispatch::DebugExceptions#call'
web-console (4.3.0) lib/web_console/middleware.rb:132:in 'WebConsole::Middleware#call_app'
web-console (4.3.0) lib/web_console/middleware.rb:28:in 'block in WebConsole::Middleware#call'
web-console (4.3.0) lib/web_console/middleware.rb:17:in 'Kernel#catch'
web-console (4.3.0) lib/web_console/middleware.rb:17:in 'WebConsole::Middleware#call'
actionpack (8.1.3.1) lib/action_dispatch/middleware/show_exceptions.rb:32:in 'ActionDispatch::ShowExceptions#call'
railties (8.1.3.1) lib/rails/rack/logger.rb:41:in 'Rails::Rack::Logger#call_app'
railties (8.1.3.1) lib/rails/rack/logger.rb:29:in 'Rails::Rack::Logger#call'
propshaft (1.3.2) lib/propshaft/quiet_assets.rb:11:in 'Propshaft::QuietAssets#call'
actionpack (8.1.3.1) lib/action_dispatch/middleware/remote_ip.rb:98:in 'ActionDispatch::RemoteIp#call'
actionpack (8.1.3.1) lib/action_dispatch/middleware/request_id.rb:34:in 'ActionDispatch::RequestId#call'
rack (3.2.7) lib/rack/method_override.rb:28:in 'Rack::MethodOverride#call'
rack (3.2.7) lib/rack/runtime.rb:24:in 'Rack::Runtime#call'
activesupport (8.1.3.1) lib/active_support/cache/strategy/local_cache_middleware.rb:30:in 'ActiveSupport::Cache::Strategy::LocalCache::Middleware#call'
actionpack (8.1.3.1) lib/action_dispatch/middleware/server_timing.rb:61:in 'block in ActionDispatch::ServerTiming#call'
actionpack (8.1.3.1) lib/action_dispatch/middleware/server_timing.rb:26:in 'ActionDispatch::ServerTiming::Subscriber#collect_events'
actionpack (8.1.3.1) lib/action_dispatch/middleware/server_timing.rb:60:in 'ActionDispatch::ServerTiming#call'
actionpack (8.1.3.1) lib/action_dispatch/middleware/executor.rb:20:in 'ActionDispatch::Executor#call'
propshaft (1.3.2) lib/propshaft/server.rb:37:in 'Propshaft::Server#call'
actionpack (8.1.3.1) lib/action_dispatch/middleware/static.rb:27:in 'ActionDispatch::Static#call'
rack (3.2.7) lib/rack/sendfile.rb:131:in 'Rack::Sendfile#call'
actionpack (8.1.3.1) lib/action_dispatch/middleware/host_authorization.rb:143:in 'ActionDispatch::HostAuthorization#call'
railties (8.1.3.1) lib/rails/engine.rb:534:in 'Rails::Engine#call'
rack-test (2.2.0) lib/rack/test.rb:360:in 'Rack::Test::Session#process_request'
rack-test (2.2.0) lib/rack/test.rb:153:in 'Rack::Test::Session#request'
actionpack (8.1.3.1) lib/action_dispatch/testing/integration.rb:298:in 'ActionDispatch::Integration::Session#process'
actionpack (8.1.3.1) lib/action_dispatch/testing/integration.rb:25:in 'ActionDispatch::Integration::RequestHelpers#post'
/tmp/test_full.rb:22:in '<main>'
Started GET "/admin" for 127.0.0.1 at 2026-09-10 07:28:27 -0300
Processing by Admin::DashboardController#index as HTML
Redirected to http://127.0.0.1/admin/login
↳ app/controllers/admin/application_controller.rb:12:in 'Admin::ApplicationController#require_admin'
Filter chain halted as :require_admin rendered or redirected
Completed 302 Found in 1ms (ActiveRecord: 0.0ms (0 queries, 0 cached) | GC: 0.0ms)


Using vips to process variants requires the libvips library. Please install libvips using the instructions on the libvips website.
Started GET "/" for ::1 at 2026-09-10 08:47:47 -0300
  [1m[36mActiveRecord::SchemaMigration Load (1.5ms)[0m  [1m[34mSELECT "schema_migrations"."version" FROM "schema_migrations" ORDER BY "schema_migrations"."version" ASC /*application='MisionesApp'*/[0m
Processing by GuestsController#index as HTML
  Rendering layout layouts/application.html.erb
  Rendering guests/index.html.erb within layouts/application
  [1m[36mGuest Exists? (0.7ms)[0m  [1m[34mSELECT 1 AS one FROM "guests" LIMIT 1 /*action='index',application='MisionesApp',controller='guests'*/[0m
  ↳ app/views/guests/index.html.erb:15
  Rendered guests/index.html.erb within layouts/application (Duration: 2.2ms | GC: 0.0ms)
  Rendered layout layouts/application.html.erb (Duration: 9.4ms | GC: 0.0ms)
Completed 200 OK in 42ms (Views: 11.6ms | ActiveRecord: 10.0ms (1 query, 0 cached) | GC: 0.0ms)


Started GET "/" for ::1 at 2026-09-10 08:47:48 -0300
Processing by GuestsController#index as HTML
  Rendering layout layouts/application.html.erb
  Rendering guests/index.html.erb within layouts/application
  [1m[36mGuest Exists? (0.5ms)[0m  [1m[34mSELECT 1 AS one FROM "guests" LIMIT 1 /*action='index',application='MisionesApp',controller='guests'*/[0m
  ↳ app/views/guests/index.html.erb:15
  Rendered guests/index.html.erb within layouts/application (Duration: 1.9ms | GC: 0.0ms)
  Rendered layout layouts/application.html.erb (Duration: 3.3ms | GC: 0.0ms)
Completed 200 OK in 6ms (Views: 3.7ms | ActiveRecord: 0.5ms (1 query, 0 cached) | GC: 0.0ms)


Using vips to process variants requires the libvips library. Please install libvips using the instructions on the libvips website.
  [1m[36mActiveRecord::SchemaMigration Load (0.7ms)[0m  [1m[34mSELECT "schema_migrations"."version" FROM "schema_migrations" ORDER BY "schema_migrations"."version" ASC /*application='MisionesApp'*/[0m
  [1m[36mMissionAssignment Delete All (1.4ms)[0m  [1m[31mDELETE FROM "mission_assignments" /*application='MisionesApp'*/[0m
  [1m[36mGuest Load (0.6ms)[0m  [1m[34mSELECT "guests".* FROM "guests" WHERE "guests"."name" = 'Valentina Cruz' LIMIT 1 /*application='MisionesApp'*/[0m
  [1m[36mTRANSACTION (0.1ms)[0m  [1m[35mBEGIN /*application='MisionesApp'*/[0m
  [1m[36mGuest Create (1.9ms)[0m  [1m[32mINSERT INTO "guests" ("attempts", "created_at", "email", "name", "phone", "picture", "points", "updated_at") VALUES (2, '2026-09-10 11:47:55.707173', 'valentina@fiesta.local', 'Valentina Cruz', '555-0101', 'https://ui-avatars.com/api/?name=Valentina+Cruz&size=400&background=EF476F&color=fff&bold=true&rounded=true', 0, '2026-09-10 11:47:55.707173') RETURNING "id" /*application='MisionesApp'*/[0m
  [1m[36mTRANSACTION (0.7ms)[0m  [1m[35mCOMMIT /*application='MisionesApp'*/[0m
  [1m[36mGuest Load (0.2ms)[0m  [1m[34mSELECT "guests".* FROM "guests" WHERE "guests"."name" = 'Marcos Ríos' LIMIT 1 /*application='MisionesApp'*/[0m
  [1m[36mTRANSACTION (0.1ms)[0m  [1m[35mBEGIN /*application='MisionesApp'*/[0m
  [1m[36mGuest Create (0.9ms)[0m  [1m[32mINSERT INTO "guests" ("attempts", "created_at", "email", "name", "phone", "picture", "points", "updated_at") VALUES (2, '2026-09-10 11:47:55.713077', 'marcos@fiesta.local', 'Marcos Ríos', '555-0102', 'https://ui-avatars.com/api/?name=Marcos+Rios&size=400&background=118AB2&color=fff&bold=true&rounded=true', 0, '2026-09-10 11:47:55.713077') RETURNING "id" /*application='MisionesApp'*/[0m
  [1m[36mTRANSACTION (0.1ms)[0m  [1m[35mCOMMIT /*application='MisionesApp'*/[0m
  [1m[36mGuest Load (0.1ms)[0m  [1m[34mSELECT "guests".* FROM "guests" WHERE "guests"."name" = 'Sofía Mendez' LIMIT 1 /*application='MisionesApp'*/[0m
  [1m[36mTRANSACTION (0.0ms)[0m  [1m[35mBEGIN /*application='MisionesApp'*/[0m
  [1m[36mGuest Create (0.8ms)[0m  [1m[32mINSERT INTO "guests" ("attempts", "created_at", "email", "name", "phone", "picture", "points", "updated_at") VALUES (2, '2026-09-10 11:47:55.716001', 'sofia@fiesta.local', 'Sofía Mendez', '555-0103', 'https://ui-avatars.com/api/?name=Sofia+Mendez&size=400&background=06D6A0&color=073B4C&bold=true&rounded=true', 0, '2026-09-10 11:47:55.716001') RETURNING "id" /*application='MisionesApp'*/[0m
  [1m[36mTRANSACTION (0.2ms)[0m  [1m[35mCOMMIT /*application='MisionesApp'*/[0m
  [1m[36mMission Load (0.6ms)[0m  [1m[34mSELECT "missions".* FROM "missions" WHERE "missions"."description" = 'Consigue que Valentina Cruz te enseñe su mejor baile sin que sepa que es tu misión. Tienes 5 minutos.' LIMIT 1 /*application='MisionesApp'*/[0m
  [1m[36mTRANSACTION (0.1ms)[0m  [1m[35mBEGIN /*application='MisionesApp'*/[0m
  [1m[36mMission Create (2.0ms)[0m  [1m[32mINSERT INTO "missions" ("active", "created_at", "description", "score", "target_id", "updated_at") VALUES (TRUE, '2026-09-10 11:47:55.736342', 'Consigue que Valentina Cruz te enseñe su mejor baile sin que sepa que es tu misión. Tienes 5 minutos.', 20, 1, '2026-09-10 11:47:55.736342') RETURNING "id" /*application='MisionesApp'*/[0m
  [1m[36mTRANSACTION (0.2ms)[0m  [1m[35mCOMMIT /*application='MisionesApp'*/[0m
  [1m[36mMission Load (0.2ms)[0m  [1m[34mSELECT "missions".* FROM "missions" WHERE "missions"."description" = 'Convence a Marcos Ríos de que cante aunque sea una estrofa de una canción frente a todos.' LIMIT 1 /*application='MisionesApp'*/[0m
  [1m[36mTRANSACTION (0.1ms)[0m  [1m[35mBEGIN /*application='MisionesApp'*/[0m
  [1m[36mMission Create (1.0ms)[0m  [1m[32mINSERT INTO "missions" ("active", "created_at", "description", "score", "target_id", "updated_at") VALUES (TRUE, '2026-09-10 11:47:55.741137', 'Convence a Marcos Ríos de que cante aunque sea una estrofa de una canción frente a todos.', 25, 2, '2026-09-10 11:47:55.741137') RETURNING "id" /*application='MisionesApp'*/[0m
  [1m[36mTRANSACTION (0.2ms)[0m  [1m[35mCOMMIT /*application='MisionesApp'*/[0m
  [1m[36mMission Load (0.2ms)[0m  [1m[34mSELECT "missions".* FROM "missions" WHERE "missions"."description" = 'Haz que Sofía Mendez te cuente un secreto (puede ser inventado). El chiste es que lo diga en voz alta.' LIMIT 1 /*application='MisionesApp'*/[0m
  [1m[36mTRANSACTION (0.1ms)[0m  [1m[35mBEGIN /*application='MisionesApp'*/[0m
  [1m[36mMission Create (0.9ms)[0m  [1m[32mINSERT INTO "missions" ("active", "created_at", "description", "score", "target_id", "updated_at") VALUES (TRUE, '2026-09-10 11:47:55.744260', 'Haz que Sofía Mendez te cuente un secreto (puede ser inventado). El chiste es que lo diga en voz alta.', 15, 3, '2026-09-10 11:47:55.744260') RETURNING "id" /*application='MisionesApp'*/[0m
  [1m[36mTRANSACTION (0.1ms)[0m  [1m[35mCOMMIT /*application='MisionesApp'*/[0m
  [1m[36mMission Load (0.1ms)[0m  [1m[34mSELECT "missions".* FROM "missions" WHERE "missions"."description" = 'Tómate una foto grupal con al menos 4 personas que incluya al menos dos de los invitados especiales. Muéstrasela al admin para ganar los puntos.' LIMIT 1 /*application='MisionesApp'*/[0m
  [1m[36mTRANSACTION (0.0ms)[0m  [1m[35mBEGIN /*application='MisionesApp'*/[0m
  [1m[36mMission Create (0.8ms)[0m  [1m[32mINSERT INTO "missions" ("active", "created_at", "description", "score", "target_id", "updated_at") VALUES (TRUE, '2026-09-10 11:47:55.747086', 'Tómate una foto grupal con al menos 4 personas que incluya al menos dos de los invitados especiales. Muéstrasela al admin para ganar los puntos.', 30, 1, '2026-09-10 11:47:55.747086') RETURNING "id" /*application='MisionesApp'*/[0m
  [1m[36mTRANSACTION (0.1ms)[0m  [1m[35mCOMMIT /*application='MisionesApp'*/[0m
  [1m[36mMission Load (0.2ms)[0m  [1m[34mSELECT "missions".* FROM "missions" WHERE "missions"."description" = 'Organiza un brindis de al menos 6 personas. Tú debes dar el discurso. No importa si es corto.' LIMIT 1 /*application='MisionesApp'*/[0m
  [1m[36mTRANSACTION (0.1ms)[0m  [1m[35mBEGIN /*application='MisionesApp'*/[0m
  [1m[36mMission Create (0.8ms)[0m  [1m[32mINSERT INTO "missions" ("active", "created_at", "description", "score", "target_id", "updated_at") VALUES (TRUE, '2026-09-10 11:47:55.749775', 'Organiza un brindis de al menos 6 personas. Tú debes dar el discurso. No importa si es corto.', 35, 2, '2026-09-10 11:47:55.749775') RETURNING "id" /*application='MisionesApp'*/[0m
  [1m[36mTRANSACTION (0.2ms)[0m  [1m[35mCOMMIT /*application='MisionesApp'*/[0m
  [1m[36mGuest Load (3.5ms)[0m  [1m[34mSELECT "guests".* FROM "guests" INNER JOIN "guests_missions" ON "guests"."id" = "guests_missions"."guest_id" WHERE "guests_missions"."mission_id" = 1 /*application='MisionesApp'*/[0m
  [1m[36mTRANSACTION (0.1ms)[0m  [1m[35mBEGIN /*application='MisionesApp'*/[0m
  [1m[36mMission::HABTM_RestrictedGuests Create (1.5ms)[0m  [1m[32mINSERT INTO "guests_missions" ("guest_id", "mission_id") VALUES (1, 1) /*application='MisionesApp'*/[0m
  [1m[36mTRANSACTION (0.2ms)[0m  [1m[35mCOMMIT /*application='MisionesApp'*/[0m
  [1m[36mGuest Load (0.8ms)[0m  [1m[34mSELECT "guests".* FROM "guests" INNER JOIN "missions_target_guests" ON "guests"."id" = "missions_target_guests"."guest_id" WHERE "missions_target_guests"."mission_id" = 1 /*application='MisionesApp'*/[0m
  [1m[36mTRANSACTION (0.0ms)[0m  [1m[35mBEGIN /*application='MisionesApp'*/[0m
  [1m[36mMission::HABTM_TargetGuests Create (1.6ms)[0m  [1m[32mINSERT INTO "missions_target_guests" ("guest_id", "mission_id") VALUES (1, 1) /*application='MisionesApp'*/[0m
  [1m[36mMission::HABTM_TargetGuests Create (0.3ms)[0m  [1m[32mINSERT INTO "missions_target_guests" ("guest_id", "mission_id") VALUES (2, 1) /*application='MisionesApp'*/[0m
  [1m[36mTRANSACTION (0.2ms)[0m  [1m[35mCOMMIT /*application='MisionesApp'*/[0m
  [1m[36mGuest Load (0.4ms)[0m  [1m[34mSELECT "guests".* FROM "guests" INNER JOIN "guests_missions" ON "guests"."id" = "guests_missions"."guest_id" WHERE "guests_missions"."mission_id" = 2 /*application='MisionesApp'*/[0m
  [1m[36mTRANSACTION (0.1ms)[0m  [1m[35mBEGIN /*application='MisionesApp'*/[0m
  [1m[36mMission::HABTM_RestrictedGuests Create (1.1ms)[0m  [1m[32mINSERT INTO "guests_missions" ("guest_id", "mission_id") VALUES (2, 2) /*application='MisionesApp'*/[0m
  [1m[36mTRANSACTION (0.2ms)[0m  [1m[35mCOMMIT /*application='MisionesApp'*/[0m
  [1m[36mGuest Load (0.3ms)[0m  [1m[34mSELECT "guests".* FROM "guests" INNER JOIN "missions_target_guests" ON "guests"."id" = "missions_target_guests"."guest_id" WHERE "missions_target_guests"."mission_id" = 2 /*application='MisionesApp'*/[0m
  [1m[36mTRANSACTION (0.1ms)[0m  [1m[35mBEGIN /*application='MisionesApp'*/[0m
  [1m[36mMission::HABTM_TargetGuests Create (1.1ms)[0m  [1m[32mINSERT INTO "missions_target_guests" ("guest_id", "mission_id") VALUES (2, 2) /*application='MisionesApp'*/[0m
  [1m[36mMission::HABTM_TargetGuests Create (0.2ms)[0m  [1m[32mINSERT INTO "missions_target_guests" ("guest_id", "mission_id") VALUES (3, 2) /*application='MisionesApp'*/[0m
  [1m[36mTRANSACTION (0.2ms)[0m  [1m[35mCOMMIT /*application='MisionesApp'*/[0m
  [1m[36mGuest Load (0.3ms)[0m  [1m[34mSELECT "guests".* FROM "guests" INNER JOIN "guests_missions" ON "guests"."id" = "guests_missions"."guest_id" WHERE "guests_missions"."mission_id" = 3 /*application='MisionesApp'*/[0m
  [1m[36mTRANSACTION (0.1ms)[0m  [1m[35mBEGIN /*application='MisionesApp'*/[0m
  [1m[36mMission::HABTM_RestrictedGuests Create (1.0ms)[0m  [1m[32mINSERT INTO "guests_missions" ("guest_id", "mission_id") VALUES (3, 3) /*application='MisionesApp'*/[0m
  [1m[36mTRANSACTION (0.2ms)[0m  [1m[35mCOMMIT /*application='MisionesApp'*/[0m
  [1m[36mGuest Load (0.5ms)[0m  [1m[34mSELECT "guests".* FROM "guests" INNER JOIN "missions_target_guests" ON "guests"."id" = "missions_target_guests"."guest_id" WHERE "missions_target_guests"."mission_id" = 3 /*application='MisionesApp'*/[0m
  [1m[36mTRANSACTION (0.1ms)[0m  [1m[35mBEGIN /*application='MisionesApp'*/[0m
  [1m[36mMission::HABTM_TargetGuests Create (1.2ms)[0m  [1m[32mINSERT INTO "missions_target_guests" ("guest_id", "mission_id") VALUES (3, 3) /*application='MisionesApp'*/[0m
  [1m[36mTRANSACTION (1.3ms)[0m  [1m[35mCOMMIT /*application='MisionesApp'*/[0m
  [1m[36mGuest Load (0.5ms)[0m  [1m[34mSELECT "guests".* FROM "guests" INNER JOIN "guests_missions" ON "guests"."id" = "guests_missions"."guest_id" WHERE "guests_missions"."mission_id" = 4 /*application='MisionesApp'*/[0m
  [1m[36mGuest Load (0.8ms)[0m  [1m[34mSELECT "guests".* FROM "guests" INNER JOIN "missions_target_guests" ON "guests"."id" = "missions_target_guests"."guest_id" WHERE "missions_target_guests"."mission_id" = 4 /*application='MisionesApp'*/[0m
  [1m[36mTRANSACTION (0.4ms)[0m  [1m[35mBEGIN /*application='MisionesApp'*/[0m
  [1m[36mMission::HABTM_TargetGuests Create (12.3ms)[0m  [1m[32mINSERT INTO "missions_target_guests" ("guest_id", "mission_id") VALUES (1, 4) /*application='MisionesApp'*/[0m
  [1m[36mMission::HABTM_TargetGuests Create (0.5ms)[0m  [1m[32mINSERT INTO "missions_target_guests" ("guest_id", "mission_id") VALUES (2, 4) /*application='MisionesApp'*/[0m
  [1m[36mMission::HABTM_TargetGuests Create (0.1ms)[0m  [1m[32mINSERT INTO "missions_target_guests" ("guest_id", "mission_id") VALUES (3, 4) /*application='MisionesApp'*/[0m
  [1m[36mTRANSACTION (0.3ms)[0m  [1m[35mCOMMIT /*application='MisionesApp'*/[0m
  [1m[36mGuest Load (0.3ms)[0m  [1m[34mSELECT "guests".* FROM "guests" INNER JOIN "guests_missions" ON "guests"."id" = "guests_missions"."guest_id" WHERE "guests_missions"."mission_id" = 5 /*application='MisionesApp'*/[0m
  [1m[36mGuest Load (0.3ms)[0m  [1m[34mSELECT "guests".* FROM "guests" INNER JOIN "missions_target_guests" ON "guests"."id" = "missions_target_guests"."guest_id" WHERE "missions_target_guests"."mission_id" = 5 /*application='MisionesApp'*/[0m
  [1m[36mTRANSACTION (0.1ms)[0m  [1m[35mBEGIN /*application='MisionesApp'*/[0m
  [1m[36mMission::HABTM_TargetGuests Create (1.0ms)[0m  [1m[32mINSERT INTO "missions_target_guests" ("guest_id", "mission_id") VALUES (1, 5) /*application='MisionesApp'*/[0m
  [1m[36mMission::HABTM_TargetGuests Create (0.2ms)[0m  [1m[32mINSERT INTO "missions_target_guests" ("guest_id", "mission_id") VALUES (2, 5) /*application='MisionesApp'*/[0m
  [1m[36mMission::HABTM_TargetGuests Create (0.2ms)[0m  [1m[32mINSERT INTO "missions_target_guests" ("guest_id", "mission_id") VALUES (3, 5) /*application='MisionesApp'*/[0m
  [1m[36mTRANSACTION (0.4ms)[0m  [1m[35mCOMMIT /*application='MisionesApp'*/[0m
  [1m[36mTRANSACTION (0.1ms)[0m  [1m[35mBEGIN /*application='MisionesApp'*/[0m
  [1m[36mMissionAssignment Exists? (1.6ms)[0m  [1m[34mSELECT 1 AS one FROM "mission_assignments" WHERE "mission_assignments"."guest_id" = 1 AND "mission_assignments"."status" = 0 LIMIT 1 /*application='MisionesApp'*/[0m
  [1m[36mMissionAssignment Create (2.1ms)[0m  [1m[32mINSERT INTO "mission_assignments" ("assigned_at", "completed_at", "created_at", "guest_id", "mission_id", "status", "updated_at") VALUES ('2026-09-10 11:37:55.815130', NULL, '2026-09-10 11:47:55.832182', 1, 2, 0, '2026-09-10 11:47:55.832182') RETURNING "id" /*application='MisionesApp'*/[0m
  [1m[36mTRANSACTION (0.2ms)[0m  [1m[35mCOMMIT /*application='MisionesApp'*/[0m
  [1m[36mTRANSACTION (0.1ms)[0m  [1m[35mBEGIN /*application='MisionesApp'*/[0m
  [1m[36mMissionAssignment Exists? (0.8ms)[0m  [1m[34mSELECT 1 AS one FROM "mission_assignments" WHERE "mission_assignments"."guest_id" = 3 AND "mission_assignments"."status" = 0 LIMIT 1 /*application='MisionesApp'*/[0m
  [1m[36mMissionAssignment Create (0.3ms)[0m  [1m[32mINSERT INTO "mission_assignments" ("assigned_at", "completed_at", "created_at", "guest_id", "mission_id", "status", "updated_at") VALUES ('2026-09-10 10:47:55.835649', '2026-09-10 11:17:55.835666', '2026-09-10 11:47:55.837154', 3, 4, 1, '2026-09-10 11:47:55.837154') RETURNING "id" /*application='MisionesApp'*/[0m
  [1m[36mTRANSACTION (0.2ms)[0m  [1m[35mCOMMIT /*application='MisionesApp'*/[0m
  [1m[36mTRANSACTION (0.1ms)[0m  [1m[35mBEGIN /*application='MisionesApp'*/[0m
  [1m[36mGuest Update (0.8ms)[0m  [1m[33mUPDATE "guests" SET "points" = 30, "updated_at" = '2026-09-10 11:47:55.839098' WHERE "guests"."id" = 3 /*application='MisionesApp'*/[0m
  [1m[36mTRANSACTION (0.1ms)[0m  [1m[35mCOMMIT /*application='MisionesApp'*/[0m
  [1m[36mGuest Count (1.2ms)[0m  [1m[34mSELECT COUNT(*) FROM "guests" /*application='MisionesApp'*/[0m
  [1m[36mMission Count (0.1ms)[0m  [1m[34mSELECT COUNT(*) FROM "missions" /*application='MisionesApp'*/[0m
  [1m[36mMissionAssignment Count (0.1ms)[0m  [1m[34mSELECT COUNT(*) FROM "mission_assignments" /*application='MisionesApp'*/[0m
  [1m[36mGuest Load (0.2ms)[0m  [1m[34mSELECT "guests".* FROM "guests" ORDER BY "guests"."name" ASC /*application='MisionesApp'*/[0m
  [1m[36mMissionAssignment Load (0.2ms)[0m  [1m[34mSELECT "mission_assignments".* FROM "mission_assignments" WHERE "mission_assignments"."guest_id" = 2 AND "mission_assignments"."status" = 0 LIMIT 1 /*application='MisionesApp'*/[0m
  [1m[36mMissionAssignment Exists? (0.1ms)[0m  [1m[34mSELECT 1 AS one FROM "mission_assignments" WHERE "mission_assignments"."guest_id" = 2 AND "mission_assignments"."status" = 1 LIMIT 1 /*application='MisionesApp'*/[0m
  [1m[36mMissionAssignment Load (0.1ms)[0m  [1m[34mSELECT "mission_assignments".* FROM "mission_assignments" WHERE "mission_assignments"."guest_id" = 3 AND "mission_assignments"."status" = 0 LIMIT 1 /*application='MisionesApp'*/[0m
  [1m[36mMissionAssignment Exists? (0.1ms)[0m  [1m[34mSELECT 1 AS one FROM "mission_assignments" WHERE "mission_assignments"."guest_id" = 3 AND "mission_assignments"."status" = 1 LIMIT 1 /*application='MisionesApp'*/[0m
  [1m[36mMissionAssignment Load (0.2ms)[0m  [1m[34mSELECT "mission_assignments".* FROM "mission_assignments" WHERE "mission_assignments"."guest_id" = 1 AND "mission_assignments"."status" = 0 LIMIT 1 /*application='MisionesApp'*/[0m
  [1m[36mMission Load (0.3ms)[0m  [1m[34mSELECT "missions".* FROM "missions" INNER JOIN "mission_assignments" ON "missions"."id" = "mission_assignments"."mission_id" WHERE "mission_assignments"."guest_id" = 1 AND "mission_assignments"."status" = 0 LIMIT 1 /*application='MisionesApp'*/[0m
Using vips to process variants requires the libvips library. Please install libvips using the instructions on the libvips website.
Started GET "/" for ::1 at 2026-09-10 08:48:20 -0300
  [1m[36mActiveRecord::SchemaMigration Load (0.8ms)[0m  [1m[34mSELECT "schema_migrations"."version" FROM "schema_migrations" ORDER BY "schema_migrations"."version" ASC /*application='MisionesApp'*/[0m
Processing by GuestsController#index as HTML
  Rendering layout layouts/application.html.erb
  Rendering guests/index.html.erb within layouts/application
  [1m[36mGuest Exists? (0.6ms)[0m  [1m[34mSELECT 1 AS one FROM "guests" LIMIT 1 /*action='index',application='MisionesApp',controller='guests'*/[0m
  ↳ app/views/guests/index.html.erb:15
  [1m[36mGuest Load (0.4ms)[0m  [1m[34mSELECT "guests".* FROM "guests" ORDER BY "guests"."name" ASC /*action='index',application='MisionesApp',controller='guests'*/[0m
  ↳ app/views/guests/index.html.erb:17
  Rendered guests/index.html.erb within layouts/application (Duration: 7.3ms | GC: 0.0ms)
  Rendered layout layouts/application.html.erb (Duration: 14.2ms | GC: 0.0ms)
Completed 200 OK in 50ms (Views: 12.5ms | ActiveRecord: 17.9ms (2 queries, 0 cached) | GC: 0.0ms)


Started GET "/guests/3/verification?step=1" for ::1 at 2026-09-10 08:48:20 -0300
Processing by VerificationsController#show as HTML
  Parameters: {"step" => "1", "guest_id" => "3"}
  [1m[36mGuest Load (0.4ms)[0m  [1m[34mSELECT "guests".* FROM "guests" WHERE "guests"."id" = 3 LIMIT 1 /*action='show',application='MisionesApp',controller='verifications'*/[0m
  ↳ app/controllers/verifications_controller.rb:51:in 'VerificationsController#set_guest'
  Rendering layout layouts/application.html.erb
  Rendering verifications/show.html.erb within layouts/application
  Rendered verifications/show.html.erb within layouts/application (Duration: 1.0ms | GC: 0.0ms)
  Rendered layout layouts/application.html.erb (Duration: 1.4ms | GC: 0.0ms)
Completed 200 OK in 6ms (Views: 2.1ms | ActiveRecord: 0.4ms (1 query, 0 cached) | GC: 0.0ms)


Started GET "/guests/2/verification?step=1" for ::1 at 2026-09-10 08:48:21 -0300
Processing by VerificationsController#show as HTML
  Parameters: {"step" => "1", "guest_id" => "2"}
  [1m[36mGuest Load (0.9ms)[0m  [1m[34mSELECT "guests".* FROM "guests" WHERE "guests"."id" = 2 LIMIT 1 /*action='show',application='MisionesApp',controller='verifications'*/[0m
  ↳ app/controllers/verifications_controller.rb:51:in 'VerificationsController#set_guest'
  Rendering layout layouts/application.html.erb
  Rendering verifications/show.html.erb within layouts/application
  Rendered verifications/show.html.erb within layouts/application (Duration: 0.9ms | GC: 0.0ms)
  Rendered layout layouts/application.html.erb (Duration: 2.5ms | GC: 0.0ms)
Completed 200 OK in 8ms (Views: 3.6ms | ActiveRecord: 0.9ms (1 query, 0 cached) | GC: 0.0ms)


Started POST "/guests/2/verification" for ::1 at 2026-09-10 08:48:23 -0300
Processing by VerificationsController#create as TURBO_STREAM
  Parameters: {"authenticity_token" => "[FILTERED]", "guest_id" => "2"}
  [1m[36mGuest Load (0.4ms)[0m  [1m[34mSELECT "guests".* FROM "guests" WHERE "guests"."id" = 2 LIMIT 1 /*action='create',application='MisionesApp',controller='verifications'*/[0m
  ↳ app/controllers/verifications_controller.rb:51:in 'VerificationsController#set_guest'
Redirected to http://localhost:3000/guests/2/verification?step=2
↳ app/controllers/verifications_controller.rb:44:in 'VerificationsController#create'
Completed 302 Found in 4ms (ActiveRecord: 0.4ms (1 query, 0 cached) | GC: 0.0ms)


Started GET "/guests/2/verification?step=2" for ::1 at 2026-09-10 08:48:23 -0300
Processing by VerificationsController#show as TURBO_STREAM
  Parameters: {"step" => "2", "guest_id" => "2"}
  [1m[36mGuest Load (0.3ms)[0m  [1m[34mSELECT "guests".* FROM "guests" WHERE "guests"."id" = 2 LIMIT 1 /*action='show',application='MisionesApp',controller='verifications'*/[0m
  ↳ app/controllers/verifications_controller.rb:51:in 'VerificationsController#set_guest'
  Rendering layout layouts/application.html.erb
  Rendering verifications/show.html.erb within layouts/application
  Rendered verifications/show.html.erb within layouts/application (Duration: 0.9ms | GC: 0.0ms)
  Rendered layout layouts/application.html.erb (Duration: 1.6ms | GC: 0.0ms)
Completed 200 OK in 5ms (Views: 2.0ms | ActiveRecord: 0.3ms (1 query, 0 cached) | GC: 0.0ms)


Started POST "/guests/2/verification" for ::1 at 2026-09-10 08:48:24 -0300
Processing by VerificationsController#create as TURBO_STREAM
  Parameters: {"authenticity_token" => "[FILTERED]", "guest_id" => "2"}
  [1m[36mGuest Load (0.7ms)[0m  [1m[34mSELECT "guests".* FROM "guests" WHERE "guests"."id" = 2 LIMIT 1 /*action='create',application='MisionesApp',controller='verifications'*/[0m
  ↳ app/controllers/verifications_controller.rb:51:in 'VerificationsController#set_guest'
Redirected to http://localhost:3000/guests/2/verification?step=3
↳ app/controllers/verifications_controller.rb:44:in 'VerificationsController#create'
Completed 302 Found in 6ms (ActiveRecord: 0.7ms (1 query, 0 cached) | GC: 0.0ms)


Started GET "/guests/2/verification?step=3" for ::1 at 2026-09-10 08:48:24 -0300
Processing by VerificationsController#show as TURBO_STREAM
  Parameters: {"step" => "3", "guest_id" => "2"}
  [1m[36mGuest Load (0.5ms)[0m  [1m[34mSELECT "guests".* FROM "guests" WHERE "guests"."id" = 2 LIMIT 1 /*action='show',application='MisionesApp',controller='verifications'*/[0m
  ↳ app/controllers/verifications_controller.rb:51:in 'VerificationsController#set_guest'
  Rendering layout layouts/application.html.erb
  Rendering verifications/show.html.erb within layouts/application
  Rendered verifications/show.html.erb within layouts/application (Duration: 0.6ms | GC: 0.0ms)
  Rendered layout layouts/application.html.erb (Duration: 1.9ms | GC: 0.0ms)
Completed 200 OK in 7ms (Views: 3.2ms | ActiveRecord: 0.5ms (1 query, 0 cached) | GC: 0.0ms)


Started POST "/guests/2/verification" for ::1 at 2026-09-10 08:48:25 -0300
Processing by VerificationsController#create as TURBO_STREAM
  Parameters: {"authenticity_token" => "[FILTERED]", "guest_id" => "2"}
  [1m[36mGuest Load (0.6ms)[0m  [1m[34mSELECT "guests".* FROM "guests" WHERE "guests"."id" = 2 LIMIT 1 /*action='create',application='MisionesApp',controller='verifications'*/[0m
  ↳ app/controllers/verifications_controller.rb:51:in 'VerificationsController#set_guest'
Redirected to http://localhost:3000/guests/2
↳ app/controllers/verifications_controller.rb:40:in 'VerificationsController#create'
Completed 302 Found in 7ms (ActiveRecord: 0.6ms (1 query, 0 cached) | GC: 0.0ms)


Started GET "/guests/2" for ::1 at 2026-09-10 08:48:25 -0300
Processing by GuestsController#show as TURBO_STREAM
  Parameters: {"id" => "2"}
  [1m[36mGuest Load (0.4ms)[0m  [1m[34mSELECT "guests".* FROM "guests" WHERE "guests"."id" = 2 LIMIT 1 /*action='show',application='MisionesApp',controller='guests'*/[0m
  ↳ app/controllers/guests_controller.rb:9:in 'GuestsController#show'
  [1m[36mMissionAssignment Load (1.3ms)[0m  [1m[34mSELECT "mission_assignments".* FROM "mission_assignments" WHERE "mission_assignments"."guest_id" = 2 AND "mission_assignments"."status" = 0 LIMIT 1 /*action='show',application='MisionesApp',controller='guests'*/[0m
  ↳ app/controllers/guests_controller.rb:17:in 'GuestsController#show'
  [1m[36mMission Load (2.8ms)[0m  [1m[34mSELECT "missions".* FROM "missions" INNER JOIN "mission_assignments" ON "missions"."id" = "mission_assignments"."mission_id" WHERE "mission_assignments"."guest_id" = 2 AND "mission_assignments"."status" = 0 LIMIT 1 /*action='show',application='MisionesApp',controller='guests'*/[0m
  ↳ app/controllers/guests_controller.rb:18:in 'GuestsController#show'
  Rendering layout layouts/application.html.erb
  Rendering guests/show.html.erb within layouts/application
  Rendered guest_missions/_mission_state.html.erb (Duration: 0.9ms | GC: 0.0ms)
  [1m[36mMissionAssignment Load (9.7ms)[0m  [1m[34mSELECT "mission_assignments".* FROM "mission_assignments" WHERE "mission_assignments"."guest_id" = 2 ORDER BY "mission_assignments"."assigned_at" DESC /*action='show',application='MisionesApp',controller='guests'*/[0m
  ↳ app/views/guests/show.html.erb:40:in 'Enumerable#reject'
  Rendered guests/show.html.erb within layouts/application (Duration: 17.3ms | GC: 0.0ms)
  Rendered layout layouts/application.html.erb (Duration: 17.8ms | GC: 0.0ms)
Completed 200 OK in 87ms (Views: 8.7ms | ActiveRecord: 19.3ms (4 queries, 0 cached) | GC: 22.9ms)


Started POST "/guests/2/mission" for ::1 at 2026-09-10 08:48:27 -0300
Processing by GuestMissionsController#create as TURBO_STREAM
  Parameters: {"authenticity_token" => "[FILTERED]", "guest_id" => "2"}
  [1m[36mGuest Load (0.6ms)[0m  [1m[34mSELECT "guests".* FROM "guests" WHERE "guests"."id" = 2 LIMIT 1 /*action='create',application='MisionesApp',controller='guest_missions'*/[0m
  ↳ app/controllers/guest_missions_controller.rb:44:in 'GuestMissionsController#set_guest'
  [1m[36mMissionAssignment Load (0.4ms)[0m  [1m[34mSELECT "mission_assignments".* FROM "mission_assignments" WHERE "mission_assignments"."guest_id" = 2 AND "mission_assignments"."status" = 0 LIMIT 1 /*action='create',application='MisionesApp',controller='guest_missions'*/[0m
  ↳ app/services/mission_assignment_service.rb:18:in 'MissionAssignmentService.assign'
  [1m[36mMission Pluck (1.5ms)[0m  [1m[34mSELECT "missions"."id" FROM "missions" INNER JOIN guests_missions gm ON gm.mission_id = missions.id WHERE (gm.guest_id = 2) /*action='create',application='MisionesApp',controller='guest_missions'*/[0m
  ↳ app/services/mission_assignment_service.rb:140:in 'MissionAssignmentService.find_valid_mission_for'
  [1m[36mMissionAssignment Pluck (0.3ms)[0m  [1m[34mSELECT "mission_assignments"."mission_id" FROM "mission_assignments" WHERE "mission_assignments"."guest_id" = 2 /*action='create',application='MisionesApp',controller='guest_missions'*/[0m
  ↳ app/services/mission_assignment_service.rb:143:in 'MissionAssignmentService.find_valid_mission_for'
  [1m[36mMission Exists? (0.5ms)[0m  [1m[34mSELECT 1 AS one FROM "missions" WHERE "missions"."active" = TRUE AND "missions"."id" != 2 AND 1=1 LIMIT 1 /*action='create',application='MisionesApp',controller='guest_missions'*/[0m
  ↳ app/services/mission_assignment_service.rb:154:in 'MissionAssignmentService.find_valid_mission_for'
  [1m[36mMission Load (0.7ms)[0m  [1m[34mSELECT "missions".* FROM "missions" WHERE "missions"."active" = TRUE AND "missions"."id" != 2 AND 1=1 ORDER BY RANDOM() LIMIT 1 /*action='create',application='MisionesApp',controller='guest_missions'*/[0m
  ↳ app/services/mission_assignment_service.rb:161:in 'MissionAssignmentService.find_valid_mission_for'
  [1m[36mTRANSACTION (0.2ms)[0m  [1m[35mBEGIN /*action='create',application='MisionesApp',controller='guest_missions'*/[0m
  ↳ app/services/mission_assignment_service.rb:23:in 'MissionAssignmentService.assign'
  [1m[36mMissionAssignment Exists? (3.1ms)[0m  [1m[34mSELECT 1 AS one FROM "mission_assignments" WHERE "mission_assignments"."guest_id" = 2 AND "mission_assignments"."status" = 0 LIMIT 1 /*action='create',application='MisionesApp',controller='guest_missions'*/[0m
  ↳ app/services/mission_assignment_service.rb:23:in 'MissionAssignmentService.assign'
  [1m[36mMissionAssignment Create (4.3ms)[0m  [1m[32mINSERT INTO "mission_assignments" ("assigned_at", "completed_at", "created_at", "guest_id", "mission_id", "status", "updated_at") VALUES ('2026-09-10 11:48:27.731185', NULL, '2026-09-10 11:48:27.731046', 2, 1, 0, '2026-09-10 11:48:27.731046') RETURNING "id" /*action='create',application='MisionesApp',controller='guest_missions'*/[0m
  ↳ app/services/mission_assignment_service.rb:23:in 'MissionAssignmentService.assign'
  [1m[36mTRANSACTION (2.7ms)[0m  [1m[35mCOMMIT /*action='create',application='MisionesApp',controller='guest_missions'*/[0m
  ↳ app/services/mission_assignment_service.rb:23:in 'MissionAssignmentService.assign'
Redirected to http://localhost:3000/guests/2/mission
↳ app/controllers/guest_missions_controller.rb:21:in 'GuestMissionsController#create'
Completed 302 Found in 55ms (ActiveRecord: 14.4ms (8 queries, 0 cached) | GC: 4.4ms)


Started GET "/guests/2/mission" for ::1 at 2026-09-10 08:48:27 -0300
Processing by GuestMissionsController#show as TURBO_STREAM
  Parameters: {"guest_id" => "2"}
  [1m[36mGuest Load (0.4ms)[0m  [1m[34mSELECT "guests".* FROM "guests" WHERE "guests"."id" = 2 LIMIT 1 /*action='show',application='MisionesApp',controller='guest_missions'*/[0m
  ↳ app/controllers/guest_missions_controller.rb:44:in 'GuestMissionsController#set_guest'
  [1m[36mMissionAssignment Load (0.2ms)[0m  [1m[34mSELECT "mission_assignments".* FROM "mission_assignments" WHERE "mission_assignments"."guest_id" = 2 AND "mission_assignments"."status" = 0 LIMIT 1 /*action='show',application='MisionesApp',controller='guest_missions'*/[0m
  ↳ app/controllers/guest_missions_controller.rb:13:in 'GuestMissionsController#show'
  [1m[36mMission Load (0.3ms)[0m  [1m[34mSELECT "missions".* FROM "missions" INNER JOIN "mission_assignments" ON "missions"."id" = "mission_assignments"."mission_id" WHERE "mission_assignments"."guest_id" = 2 AND "mission_assignments"."status" = 0 LIMIT 1 /*action='show',application='MisionesApp',controller='guest_missions'*/[0m
  ↳ app/controllers/guest_missions_controller.rb:14:in 'GuestMissionsController#show'
  Rendering layout layouts/application.html.erb
  Rendering guest_missions/show.html.erb within layouts/application
  Rendered guest_missions/_mission_state.html.erb (Duration: 0.5ms | GC: 0.0ms)
  Rendered guest_missions/show.html.erb within layouts/application (Duration: 1.4ms | GC: 0.0ms)
  Rendered layout layouts/application.html.erb (Duration: 2.0ms | GC: 0.0ms)
Completed 200 OK in 10ms (Views: 3.3ms | ActiveRecord: 0.9ms (3 queries, 0 cached) | GC: 0.0ms)


Started GET "/guests/2" for ::1 at 2026-09-10 08:48:27 -0300
Processing by GuestsController#show as HTML
  Parameters: {"id" => "2"}
  [1m[36mGuest Load (0.7ms)[0m  [1m[34mSELECT "guests".* FROM "guests" WHERE "guests"."id" = 2 LIMIT 1 /*action='show',application='MisionesApp',controller='guests'*/[0m
  ↳ app/controllers/guests_controller.rb:9:in 'GuestsController#show'
  [1m[36mMissionAssignment Load (0.5ms)[0m  [1m[34mSELECT "mission_assignments".* FROM "mission_assignments" WHERE "mission_assignments"."guest_id" = 2 AND "mission_assignments"."status" = 0 LIMIT 1 /*action='show',application='MisionesApp',controller='guests'*/[0m
  ↳ app/controllers/guests_controller.rb:17:in 'GuestsController#show'
  [1m[36mMission Load (0.7ms)[0m  [1m[34mSELECT "missions".* FROM "missions" INNER JOIN "mission_assignments" ON "missions"."id" = "mission_assignments"."mission_id" WHERE "mission_assignments"."guest_id" = 2 AND "mission_assignments"."status" = 0 LIMIT 1 /*action='show',application='MisionesApp',controller='guests'*/[0m
  ↳ app/controllers/guests_controller.rb:18:in 'GuestsController#show'
  Rendering layout layouts/application.html.erb
  Rendering guests/show.html.erb within layouts/application
  Rendered guest_missions/_mission_state.html.erb (Duration: 0.8ms | GC: 0.0ms)
  [1m[36mMissionAssignment Load (0.6ms)[0m  [1m[34mSELECT "mission_assignments".* FROM "mission_assignments" WHERE "mission_assignments"."guest_id" = 2 ORDER BY "mission_assignments"."assigned_at" DESC /*action='show',application='MisionesApp',controller='guests'*/[0m
  ↳ app/views/guests/show.html.erb:40:in 'Enumerable#reject'
  [1m[36mMission Load (0.4ms)[0m  [1m[34mSELECT "missions".* FROM "missions" WHERE "missions"."id" = 1 /*action='show',application='MisionesApp',controller='guests'*/[0m
  ↳ app/views/guests/show.html.erb:40:in 'Enumerable#reject'
  Rendered guests/show.html.erb within layouts/application (Duration: 17.8ms | GC: 0.3ms)
  Rendered layout layouts/application.html.erb (Duration: 25.7ms | GC: 0.3ms)
Completed 200 OK in 40ms (Views: 25.7ms | ActiveRecord: 2.9ms (5 queries, 0 cached) | GC: 0.6ms)


Started GET "/guests/2" for ::1 at 2026-09-10 08:48:32 -0300
Processing by GuestsController#show as HTML
  Parameters: {"id" => "2"}
  [1m[36mGuest Load (1.0ms)[0m  [1m[34mSELECT "guests".* FROM "guests" WHERE "guests"."id" = 2 LIMIT 1 /*action='show',application='MisionesApp',controller='guests'*/[0m
  ↳ app/controllers/guests_controller.rb:9:in 'GuestsController#show'
  [1m[36mMissionAssignment Load (0.4ms)[0m  [1m[34mSELECT "mission_assignments".* FROM "mission_assignments" WHERE "mission_assignments"."guest_id" = 2 AND "mission_assignments"."status" = 0 LIMIT 1 /*action='show',application='MisionesApp',controller='guests'*/[0m
  ↳ app/controllers/guests_controller.rb:17:in 'GuestsController#show'
  [1m[36mMission Load (0.6ms)[0m  [1m[34mSELECT "missions".* FROM "missions" INNER JOIN "mission_assignments" ON "missions"."id" = "mission_assignments"."mission_id" WHERE "mission_assignments"."guest_id" = 2 AND "mission_assignments"."status" = 0 LIMIT 1 /*action='show',application='MisionesApp',controller='guests'*/[0m
  ↳ app/controllers/guests_controller.rb:18:in 'GuestsController#show'
  Rendering layout layouts/application.html.erb
  Rendering guests/show.html.erb within layouts/application
  Rendered guest_missions/_mission_state.html.erb (Duration: 1.2ms | GC: 0.0ms)
  [1m[36mMissionAssignment Load (0.5ms)[0m  [1m[34mSELECT "mission_assignments".* FROM "mission_assignments" WHERE "mission_assignments"."guest_id" = 2 ORDER BY "mission_assignments"."assigned_at" DESC /*action='show',application='MisionesApp',controller='guests'*/[0m
  ↳ app/views/guests/show.html.erb:40:in 'Enumerable#reject'
  [1m[36mMission Load (0.3ms)[0m  [1m[34mSELECT "missions".* FROM "missions" WHERE "missions"."id" = 1 /*action='show',application='MisionesApp',controller='guests'*/[0m
  ↳ app/views/guests/show.html.erb:40:in 'Enumerable#reject'
  Rendered guests/show.html.erb within layouts/application (Duration: 7.7ms | GC: 0.0ms)
  Rendered layout layouts/application.html.erb (Duration: 9.5ms | GC: 0.5ms)
Completed 200 OK in 23ms (Views: 9.7ms | ActiveRecord: 2.8ms (5 queries, 0 cached) | GC: 0.5ms)


Started GET "/" for ::1 at 2026-09-10 08:48:38 -0300
Processing by GuestsController#index as HTML
  Rendering layout layouts/application.html.erb
  Rendering guests/index.html.erb within layouts/application
  [1m[36mGuest Exists? (0.6ms)[0m  [1m[34mSELECT 1 AS one FROM "guests" LIMIT 1 /*action='index',application='MisionesApp',controller='guests'*/[0m
  ↳ app/views/guests/index.html.erb:15
  [1m[36mGuest Load (0.4ms)[0m  [1m[34mSELECT "guests".* FROM "guests" ORDER BY "guests"."name" ASC /*action='index',application='MisionesApp',controller='guests'*/[0m
  ↳ app/views/guests/index.html.erb:17
  Rendered guests/index.html.erb within layouts/application (Duration: 5.0ms | GC: 0.0ms)
  Rendered layout layouts/application.html.erb (Duration: 6.1ms | GC: 0.0ms)
Completed 200 OK in 8ms (Views: 5.8ms | ActiveRecord: 0.9ms (2 queries, 0 cached) | GC: 0.0ms)


Started GET "/guest/2" for ::1 at 2026-09-10 08:48:43 -0300
  
ActionController::RoutingError (No route matches [GET] "/guest/2"):
  
Started GET "/favicon.ico" for ::1 at 2026-09-10 08:48:43 -0300
  
ActionController::RoutingError (No route matches [GET] "/favicon.ico"):
  
Started GET "/guests/2/verification?step=1" for ::1 at 2026-09-10 08:48:54 -0300
Processing by VerificationsController#show as HTML
  Parameters: {"step" => "1", "guest_id" => "2"}
  [1m[36mGuest Load (1.2ms)[0m  [1m[34mSELECT "guests".* FROM "guests" WHERE "guests"."id" = 2 LIMIT 1 /*action='show',application='MisionesApp',controller='verifications'*/[0m
  ↳ app/controllers/verifications_controller.rb:51:in 'VerificationsController#set_guest'
  Rendering layout layouts/application.html.erb
  Rendering verifications/show.html.erb within layouts/application
  Rendered verifications/show.html.erb within layouts/application (Duration: 1.4ms | GC: 0.0ms)
  Rendered layout layouts/application.html.erb (Duration: 3.1ms | GC: 0.0ms)
Completed 200 OK in 11ms (Views: 4.6ms | ActiveRecord: 1.2ms (1 query, 0 cached) | GC: 0.0ms)


Started GET "/guests/2" for ::1 at 2026-09-10 08:49:02 -0300
Processing by GuestsController#show as HTML
  Parameters: {"id" => "2"}
  [1m[36mGuest Load (0.5ms)[0m  [1m[34mSELECT "guests".* FROM "guests" WHERE "guests"."id" = 2 LIMIT 1 /*action='show',application='MisionesApp',controller='guests'*/[0m
  ↳ app/controllers/guests_controller.rb:9:in 'GuestsController#show'
  [1m[36mMissionAssignment Load (0.6ms)[0m  [1m[34mSELECT "mission_assignments".* FROM "mission_assignments" WHERE "mission_assignments"."guest_id" = 2 AND "mission_assignments"."status" = 0 LIMIT 1 /*action='show',application='MisionesApp',controller='guests'*/[0m
  ↳ app/controllers/guests_controller.rb:17:in 'GuestsController#show'
  [1m[36mMission Load (0.7ms)[0m  [1m[34mSELECT "missions".* FROM "missions" INNER JOIN "mission_assignments" ON "missions"."id" = "mission_assignments"."mission_id" WHERE "mission_assignments"."guest_id" = 2 AND "mission_assignments"."status" = 0 LIMIT 1 /*action='show',application='MisionesApp',controller='guests'*/[0m
  ↳ app/controllers/guests_controller.rb:18:in 'GuestsController#show'
  Rendering layout layouts/application.html.erb
  Rendering guests/show.html.erb within layouts/application
  Rendered guest_missions/_mission_state.html.erb (Duration: 0.8ms | GC: 0.0ms)
  [1m[36mMissionAssignment Load (0.5ms)[0m  [1m[34mSELECT "mission_assignments".* FROM "mission_assignments" WHERE "mission_assignments"."guest_id" = 2 ORDER BY "mission_assignments"."assigned_at" DESC /*action='show',application='MisionesApp',controller='guests'*/[0m
  ↳ app/views/guests/show.html.erb:40:in 'Enumerable#reject'
  [1m[36mMission Load (0.4ms)[0m  [1m[34mSELECT "missions".* FROM "missions" WHERE "missions"."id" = 1 /*action='show',application='MisionesApp',controller='guests'*/[0m
  ↳ app/views/guests/show.html.erb:40:in 'Enumerable#reject'
  Rendered guests/show.html.erb within layouts/application (Duration: 7.3ms | GC: 0.0ms)
  Rendered layout layouts/application.html.erb (Duration: 8.5ms | GC: 0.0ms)
Completed 200 OK in 22ms (Views: 8.5ms | ActiveRecord: 2.7ms (5 queries, 0 cached) | GC: 0.0ms)


Started GET "/guests/2/verification?step=1" for ::1 at 2026-09-10 08:49:10 -0300
Processing by VerificationsController#show as HTML
  Parameters: {"step" => "1", "guest_id" => "2"}
  [1m[36mGuest Load (1.7ms)[0m  [1m[34mSELECT "guests".* FROM "guests" WHERE "guests"."id" = 2 LIMIT 1 /*action='show',application='MisionesApp',controller='verifications'*/[0m
  ↳ app/controllers/verifications_controller.rb:51:in 'VerificationsController#set_guest'
  Rendering layout layouts/application.html.erb
  Rendering verifications/show.html.erb within layouts/application
  Rendered verifications/show.html.erb within layouts/application (Duration: 3.6ms | GC: 0.0ms)
  Rendered layout layouts/application.html.erb (Duration: 6.1ms | GC: 0.0ms)
Completed 200 OK in 17ms (Views: 8.0ms | ActiveRecord: 1.7ms (1 query, 0 cached) | GC: 0.0ms)


Using vips to process variants requires the libvips library. Please install libvips using the instructions on the libvips website.
Started GET "/" for ::1 at 2026-09-10 09:00:44 -0300
  [1m[36mActiveRecord::SchemaMigration Load (2.0ms)[0m  [1m[34mSELECT "schema_migrations"."version" FROM "schema_migrations" ORDER BY "schema_migrations"."version" ASC /*application='MisionesApp'*/[0m
Processing by GuestsController#index as HTML
  Rendering layout layouts/application.html.erb
  Rendering guests/index.html.erb within layouts/application
  [1m[36mGuest Exists? (0.6ms)[0m  [1m[34mSELECT 1 AS one FROM "guests" LIMIT 1 /*action='index',application='MisionesApp',controller='guests'*/[0m
  ↳ app/views/guests/index.html.erb:15
  [1m[36mGuest Load (1.0ms)[0m  [1m[34mSELECT "guests".* FROM "guests" ORDER BY "guests"."name" ASC /*action='index',application='MisionesApp',controller='guests'*/[0m
  ↳ app/views/guests/index.html.erb:17
  Rendered guests/index.html.erb within layouts/application (Duration: 8.3ms | GC: 0.0ms)
  Rendered layout layouts/application.html.erb (Duration: 15.9ms | GC: 0.0ms)
Completed 200 OK in 69ms (Views: 14.0ms | ActiveRecord: 20.0ms (2 queries, 0 cached) | GC: 0.0ms)


Started GET "/admin" for ::1 at 2026-09-10 09:00:47 -0300
Processing by Admin::DashboardController#index as HTML
Redirected to http://localhost:3000/admin/login
↳ app/controllers/admin/application_controller.rb:15:in 'Admin::ApplicationController#require_admin'
Filter chain halted as :require_admin rendered or redirected
Completed 302 Found in 3ms (ActiveRecord: 0.0ms (0 queries, 0 cached) | GC: 0.0ms)


Started GET "/admin/login" for ::1 at 2026-09-10 09:00:47 -0300
Processing by Admin::SessionsController#new as HTML
  Rendering layout layouts/admin.html.erb
  Rendering admin/sessions/new.html.erb within layouts/admin
  Rendered admin/sessions/new.html.erb within layouts/admin (Duration: 1.3ms | GC: 0.0ms)
  Rendered layout layouts/admin.html.erb (Duration: 3.1ms | GC: 0.0ms)
Completed 200 OK in 7ms (Views: 4.0ms | ActiveRecord: 0.0ms (0 queries, 0 cached) | GC: 0.0ms)


Started POST "/admin/login" for ::1 at 2026-09-10 09:00:50 -0300
Processing by Admin::SessionsController#create as TURBO_STREAM
  Parameters: {"authenticity_token" => "[FILTERED]", "password" => "[FILTERED]", "commit" => "Entrar →"}
Redirected to http://localhost:3000/admin
↳ app/controllers/admin/sessions_controller.rb:15:in 'Admin::SessionsController#create'
Completed 302 Found in 5ms (ActiveRecord: 0.0ms (0 queries, 0 cached) | GC: 0.0ms)


Started GET "/admin" for ::1 at 2026-09-10 09:00:50 -0300
Processing by Admin::DashboardController#index as TURBO_STREAM
  [1m[36mGuest Count (3.7ms)[0m  [1m[34mSELECT COUNT(*) FROM "guests" /*action='index',application='MisionesApp',controller='dashboard'*/[0m
  ↳ app/controllers/admin/dashboard_controller.rb:5:in 'Admin::DashboardController#index'
  [1m[36mMission Count (1.3ms)[0m  [1m[34mSELECT COUNT(*) FROM "missions" /*action='index',application='MisionesApp',controller='dashboard'*/[0m
  ↳ app/controllers/admin/dashboard_controller.rb:6:in 'Admin::DashboardController#index'
  [1m[36mMission Count (0.5ms)[0m  [1m[34mSELECT COUNT(*) FROM "missions" WHERE "missions"."active" = TRUE /*action='index',application='MisionesApp',controller='dashboard'*/[0m
  ↳ app/controllers/admin/dashboard_controller.rb:7:in 'Admin::DashboardController#index'
  [1m[36mMissionAssignment Count (1.4ms)[0m  [1m[34mSELECT COUNT(*) FROM "mission_assignments" /*action='index',application='MisionesApp',controller='dashboard'*/[0m
  ↳ app/controllers/admin/dashboard_controller.rb:8:in 'Admin::DashboardController#index'
  [1m[36mMissionAssignment Count (0.7ms)[0m  [1m[34mSELECT COUNT(*) FROM "mission_assignments" WHERE "mission_assignments"."status" = 0 /*action='index',application='MisionesApp',controller='dashboard'*/[0m
  ↳ app/controllers/admin/dashboard_controller.rb:9:in 'Admin::DashboardController#index'
  [1m[36mMissionAssignment Count (0.4ms)[0m  [1m[34mSELECT COUNT(*) FROM "mission_assignments" WHERE "mission_assignments"."status" = 1 /*action='index',application='MisionesApp',controller='dashboard'*/[0m
  ↳ app/controllers/admin/dashboard_controller.rb:10:in 'Admin::DashboardController#index'
  [1m[36mMissionAssignment Count (0.1ms)[0m  [1m[34mSELECT COUNT(*) FROM "mission_assignments" WHERE "mission_assignments"."status" = 2 /*action='index',application='MisionesApp',controller='dashboard'*/[0m
  ↳ app/controllers/admin/dashboard_controller.rb:11:in 'Admin::DashboardController#index'
  Rendering layout layouts/admin.html.erb
  Rendering admin/dashboard/index.html.erb within layouts/admin
  [1m[36mGuest Exists? (0.4ms)[0m  [1m[34mSELECT 1 AS one FROM "guests" LIMIT 1 /*action='index',application='MisionesApp',controller='dashboard'*/[0m
  ↳ app/views/admin/dashboard/index.html.erb:32
  [1m[36mGuest Load (0.2ms)[0m  [1m[34mSELECT "guests".* FROM "guests" ORDER BY "guests"."points" DESC, "guests"."name" ASC LIMIT 3 /*action='index',application='MisionesApp',controller='dashboard'*/[0m
  ↳ app/views/admin/dashboard/index.html.erb:40:in 'Enumerable#each_with_index'
  [1m[36mMissionAssignment Count (1.7ms)[0m  [1m[34mSELECT COUNT(*) FROM "mission_assignments" WHERE "mission_assignments"."guest_id" = 3 AND "mission_assignments"."status" = 0 /*action='index',application='MisionesApp',controller='dashboard'*/[0m
  ↳ app/views/admin/dashboard/index.html.erb:57
  [1m[36mMissionAssignment Count (0.2ms)[0m  [1m[34mSELECT COUNT(*) FROM "mission_assignments" WHERE "mission_assignments"."guest_id" = 2 AND "mission_assignments"."status" = 0 /*action='index',application='MisionesApp',controller='dashboard'*/[0m
  ↳ app/views/admin/dashboard/index.html.erb:57
  [1m[36mMissionAssignment Count (0.1ms)[0m  [1m[34mSELECT COUNT(*) FROM "mission_assignments" WHERE "mission_assignments"."guest_id" = 1 AND "mission_assignments"."status" = 0 /*action='index',application='MisionesApp',controller='dashboard'*/[0m
  ↳ app/views/admin/dashboard/index.html.erb:57
  Rendered admin/dashboard/index.html.erb within layouts/admin (Duration: 12.8ms | GC: 0.0ms)
  Rendered layout layouts/admin.html.erb (Duration: 14.1ms | GC: 0.0ms)
Completed 200 OK in 51ms (Views: 11.8ms | ActiveRecord: 16.0ms (12 queries, 0 cached) | GC: 0.0ms)


Started GET "/admin/missions" for ::1 at 2026-09-10 09:00:54 -0300
Processing by Admin::MissionsController#index as HTML
  Rendering layout layouts/admin.html.erb
  Rendering admin/missions/index.html.erb within layouts/admin
  [1m[36mMission Count (0.6ms)[0m  [1m[34mSELECT COUNT(*) FROM "missions" /*action='index',application='MisionesApp',controller='missions'*/[0m
  ↳ app/views/admin/missions/index.html.erb:7
  [1m[36mMission Exists? (0.3ms)[0m  [1m[34mSELECT 1 AS one FROM "missions" LIMIT 1 /*action='index',application='MisionesApp',controller='missions'*/[0m
  ↳ app/views/admin/missions/index.html.erb:13
  [1m[36mMission Load (0.5ms)[0m  [1m[34mSELECT "missions".* FROM "missions" ORDER BY "missions"."description" ASC /*action='index',application='MisionesApp',controller='missions'*/[0m
  ↳ app/views/admin/missions/index.html.erb:15
  [1m[36mGuest Load (0.9ms)[0m  [1m[34mSELECT "guests".* FROM "guests" WHERE "guests"."id" IN (1, 2, 3) /*action='index',application='MisionesApp',controller='missions'*/[0m
  ↳ app/views/admin/missions/index.html.erb:15
  Rendered admin/missions/index.html.erb within layouts/admin (Duration: 62.6ms | GC: 38.0ms)
  Rendered layout layouts/admin.html.erb (Duration: 63.4ms | GC: 38.0ms)
Completed 200 OK in 65ms (Views: 61.0ms | ActiveRecord: 2.7ms (4 queries, 0 cached) | GC: 38.0ms)


Started GET "/admin/missions/1/edit" for ::1 at 2026-09-10 09:00:56 -0300
Processing by Admin::MissionsController#edit as HTML
  Parameters: {"id" => "1"}
  [1m[36mMission Load (0.7ms)[0m  [1m[34mSELECT "missions".* FROM "missions" WHERE "missions"."id" = 1 LIMIT 1 /*action='edit',application='MisionesApp',controller='missions'*/[0m
  ↳ app/controllers/admin/missions_controller.rb:57:in 'Admin::MissionsController#set_mission'
  Rendering layout layouts/admin.html.erb
  Rendering admin/missions/edit.html.erb within layouts/admin
  [1m[36mGuest Load (0.4ms)[0m  [1m[34mSELECT "guests".* FROM "guests" ORDER BY "guests"."name" ASC /*action='edit',application='MisionesApp',controller='missions'*/[0m
  ↳ app/views/admin/missions/_form.html.erb:32
  [1m[36mGuest Exists? (1.4ms)[0m  [1m[34mSELECT 1 AS one FROM "guests" INNER JOIN "missions_target_guests" ON "guests"."id" = "missions_target_guests"."guest_id" WHERE "missions_target_guests"."mission_id" = 1 AND "guests"."id" = 2 LIMIT 1 /*action='edit',application='MisionesApp',controller='missions'*/[0m
  ↳ app/views/admin/missions/_form.html.erb:57
  [1m[36mGuest Exists? (0.2ms)[0m  [1m[34mSELECT 1 AS one FROM "guests" INNER JOIN "missions_target_guests" ON "guests"."id" = "missions_target_guests"."guest_id" WHERE "missions_target_guests"."mission_id" = 1 AND "guests"."id" = 3 LIMIT 1 /*action='edit',application='MisionesApp',controller='missions'*/[0m
  ↳ app/views/admin/missions/_form.html.erb:57
  [1m[36mGuest Exists? (0.3ms)[0m  [1m[34mSELECT 1 AS one FROM "guests" INNER JOIN "missions_target_guests" ON "guests"."id" = "missions_target_guests"."guest_id" WHERE "missions_target_guests"."mission_id" = 1 AND "guests"."id" = 1 LIMIT 1 /*action='edit',application='MisionesApp',controller='missions'*/[0m
  ↳ app/views/admin/missions/_form.html.erb:57
  [1m[36mGuest Exists? (1.0ms)[0m  [1m[34mSELECT 1 AS one FROM "guests" INNER JOIN "guests_missions" ON "guests"."id" = "guests_missions"."guest_id" WHERE "guests_missions"."mission_id" = 1 AND "guests"."id" = 2 LIMIT 1 /*action='edit',application='MisionesApp',controller='missions'*/[0m
  ↳ app/views/admin/missions/_form.html.erb:80
  [1m[36mGuest Exists? (0.2ms)[0m  [1m[34mSELECT 1 AS one FROM "guests" INNER JOIN "guests_missions" ON "guests"."id" = "guests_missions"."guest_id" WHERE "guests_missions"."mission_id" = 1 AND "guests"."id" = 3 LIMIT 1 /*action='edit',application='MisionesApp',controller='missions'*/[0m
  ↳ app/views/admin/missions/_form.html.erb:80
  [1m[36mGuest Exists? (0.3ms)[0m  [1m[34mSELECT 1 AS one FROM "guests" INNER JOIN "guests_missions" ON "guests"."id" = "guests_missions"."guest_id" WHERE "guests_missions"."mission_id" = 1 AND "guests"."id" = 1 LIMIT 1 /*action='edit',application='MisionesApp',controller='missions'*/[0m
  ↳ app/views/admin/missions/_form.html.erb:80
  Rendered admin/missions/_form.html.erb (Duration: 43.2ms | GC: 2.2ms)
  Rendered admin/missions/edit.html.erb within layouts/admin (Duration: 45.2ms | GC: 2.2ms)
  Rendered layout layouts/admin.html.erb (Duration: 46.2ms | GC: 2.2ms)
Completed 200 OK in 56ms (Views: 41.3ms | ActiveRecord: 6.4ms (8 queries, 0 cached) | GC: 4.1ms)


Started GET "/admin/guests" for ::1 at 2026-09-10 09:00:59 -0300
Processing by Admin::GuestsController#index as HTML
  Rendering layout layouts/admin.html.erb
  Rendering admin/guests/index.html.erb within layouts/admin
  [1m[36mGuest Count (0.5ms)[0m  [1m[34mSELECT COUNT(*) FROM "guests" /*action='index',application='MisionesApp',controller='guests'*/[0m
  ↳ app/views/admin/guests/index.html.erb:7
  [1m[36mGuest Exists? (0.2ms)[0m  [1m[34mSELECT 1 AS one FROM "guests" LIMIT 1 /*action='index',application='MisionesApp',controller='guests'*/[0m
  ↳ app/views/admin/guests/index.html.erb:13
  [1m[36mGuest Load (0.3ms)[0m  [1m[34mSELECT "guests".* FROM "guests" ORDER BY "guests"."name" ASC /*action='index',application='MisionesApp',controller='guests'*/[0m
  ↳ app/views/admin/guests/index.html.erb:15
  [1m[36mMission Load (0.8ms)[0m  [1m[34mSELECT "missions".* FROM "missions" INNER JOIN "mission_assignments" ON "missions"."id" = "mission_assignments"."mission_id" WHERE "mission_assignments"."guest_id" = 2 AND "mission_assignments"."status" = 0 LIMIT 1 /*action='index',application='MisionesApp',controller='guests'*/[0m
  ↳ app/views/admin/guests/index.html.erb:31
  [1m[36mMission Load (0.5ms)[0m  [1m[34mSELECT "missions".* FROM "missions" INNER JOIN "mission_assignments" ON "missions"."id" = "mission_assignments"."mission_id" WHERE "mission_assignments"."guest_id" = 3 AND "mission_assignments"."status" = 0 LIMIT 1 /*action='index',application='MisionesApp',controller='guests'*/[0m
  ↳ app/views/admin/guests/index.html.erb:31
  [1m[36mMission Load (0.4ms)[0m  [1m[34mSELECT "missions".* FROM "missions" INNER JOIN "mission_assignments" ON "missions"."id" = "mission_assignments"."mission_id" WHERE "mission_assignments"."guest_id" = 1 AND "mission_assignments"."status" = 0 LIMIT 1 /*action='index',application='MisionesApp',controller='guests'*/[0m
  ↳ app/views/admin/guests/index.html.erb:31
  Rendered admin/guests/index.html.erb within layouts/admin (Duration: 20.1ms | GC: 0.2ms)
  Rendered layout layouts/admin.html.erb (Duration: 21.8ms | GC: 0.2ms)
Completed 200 OK in 25ms (Views: 20.1ms | ActiveRecord: 2.6ms (6 queries, 0 cached) | GC: 0.2ms)


Started GET "/admin/mission_assignments" for ::1 at 2026-09-10 09:00:59 -0300
Processing by Admin::MissionAssignmentsController#index as HTML
  Rendering layout layouts/admin.html.erb
  Rendering admin/mission_assignments/index.html.erb within layouts/admin
  [1m[36mMissionAssignment Count (0.4ms)[0m  [1m[34mSELECT COUNT(*) FROM "mission_assignments" /*action='index',application='MisionesApp',controller='mission_assignments'*/[0m
  ↳ app/views/admin/mission_assignments/index.html.erb:7
  [1m[36mMissionAssignment Exists? (0.2ms)[0m  [1m[34mSELECT 1 AS one FROM "mission_assignments" LIMIT 1 /*action='index',application='MisionesApp',controller='mission_assignments'*/[0m
  ↳ app/views/admin/mission_assignments/index.html.erb:29
  [1m[36mMissionAssignment Load (0.6ms)[0m  [1m[34mSELECT "mission_assignments".* FROM "mission_assignments" ORDER BY "mission_assignments"."assigned_at" DESC /*action='index',application='MisionesApp',controller='mission_assignments'*/[0m
  ↳ app/views/admin/mission_assignments/index.html.erb:31
  [1m[36mGuest Load (0.7ms)[0m  [1m[34mSELECT "guests".* FROM "guests" WHERE "guests"."id" IN (2, 1, 3) /*action='index',application='MisionesApp',controller='mission_assignments'*/[0m
  ↳ app/views/admin/mission_assignments/index.html.erb:31
  [1m[36mMission Load (0.4ms)[0m  [1m[34mSELECT "missions".* FROM "missions" WHERE "missions"."id" IN (1, 2, 4) /*action='index',application='MisionesApp',controller='mission_assignments'*/[0m
  ↳ app/views/admin/mission_assignments/index.html.erb:31
  Rendered admin/mission_assignments/index.html.erb within layouts/admin (Duration: 21.6ms | GC: 0.5ms)
  Rendered layout layouts/admin.html.erb (Duration: 24.9ms | GC: 1.0ms)
Completed 200 OK in 29ms (Views: 23.5ms | ActiveRecord: 2.4ms (5 queries, 0 cached) | GC: 1.0ms)


Started GET "/admin/ranking" for ::1 at 2026-09-10 09:00:59 -0300
Processing by Admin::RankingController#index as HTML
Completed 406 Not Acceptable in 4ms (ActiveRecord: 0.0ms (0 queries, 0 cached) | GC: 0.0ms)


  
ActionController::MissingExactTemplate (Admin::RankingController#index is missing a template for request formats: text/html):
  
actionpack (8.1.3.1) lib/action_controller/metal/implicit_render.rb:49:in 'ActionController::ImplicitRender#default_render'
actionpack (8.1.3.1) lib/action_controller/metal/basic_implicit_render.rb:9:in 'ActionController::BasicImplicitRender#send_action'
actionpack (8.1.3.1) lib/abstract_controller/base.rb:221:in 'AbstractController::Base#process_action'
actionpack (8.1.3.1) lib/action_controller/metal/rendering.rb:199:in 'ActionController::Rendering#process_action'
actionpack (8.1.3.1) lib/abstract_controller/callbacks.rb:267:in 'block in AbstractController::Callbacks#process_action'
activesupport (8.1.3.1) lib/active_support/callbacks.rb:121:in 'block in ActiveSupport::Callbacks#run_callbacks'
turbo-rails (2.0.23) lib/turbo-rails.rb:24:in 'Turbo.with_request_id'
turbo-rails (2.0.23) app/controllers/concerns/turbo/request_id_tracking.rb:10:in 'Turbo::RequestIdTracking#turbo_tracking_request_id'
activesupport (8.1.3.1) lib/active_support/callbacks.rb:130:in 'block in ActiveSupport::Callbacks#run_callbacks'
actiontext (8.1.3.1) lib/action_text/rendering.rb:24:in 'ActionText::Rendering::ClassMethods#with_renderer'
actiontext (8.1.3.1) lib/action_text/engine.rb:72:in 'block (4 levels) in <class:Engine>'
activesupport (8.1.3.1) lib/active_support/callbacks.rb:130:in 'BasicObject#instance_exec'
activesupport (8.1.3.1) lib/active_support/callbacks.rb:130:in 'block in ActiveSupport::Callbacks#run_callbacks'
activesupport (8.1.3.1) lib/active_support/callbacks.rb:141:in 'ActiveSupport::Callbacks#run_callbacks'
actionpack (8.1.3.1) lib/abstract_controller/callbacks.rb:266:in 'AbstractController::Callbacks#process_action'
actionpack (8.1.3.1) lib/action_controller/metal/rescue.rb:36:in 'ActionController::Rescue#process_action'
actionpack (8.1.3.1) lib/action_controller/metal/instrumentation.rb:76:in 'block in ActionController::Instrumentation#process_action'
activesupport (8.1.3.1) lib/active_support/notifications.rb:210:in 'block in ActiveSupport::Notifications.instrument'
activesupport (8.1.3.1) lib/active_support/notifications/instrumenter.rb:58:in 'ActiveSupport::Notifications::Instrumenter#instrument'
activesupport (8.1.3.1) lib/active_support/notifications.rb:210:in 'ActiveSupport::Notifications.instrument'
actionpack (8.1.3.1) lib/action_controller/metal/instrumentation.rb:75:in 'ActionController::Instrumentation#process_action'
actionpack (8.1.3.1) lib/action_controller/metal/params_wrapper.rb:259:in 'ActionController::ParamsWrapper#process_action'
activerecord (8.1.3.1) lib/active_record/railties/controller_runtime.rb:39:in 'ActiveRecord::Railties::ControllerRuntime#process_action'
actionpack (8.1.3.1) lib/abstract_controller/base.rb:154:in 'AbstractController::Base#process'
actionview (8.1.3.1) lib/action_view/rendering.rb:40:in 'ActionView::Rendering#process'
actionpack (8.1.3.1) lib/action_controller/metal.rb:252:in 'ActionController::Metal#dispatch'
actionpack (8.1.3.1) lib/action_controller/metal.rb:335:in 'ActionController::Metal.dispatch'
actionpack (8.1.3.1) lib/action_dispatch/routing/route_set.rb:65:in 'ActionDispatch::Routing::RouteSet::Dispatcher#dispatch'
actionpack (8.1.3.1) lib/action_dispatch/routing/route_set.rb:50:in 'ActionDispatch::Routing::RouteSet::Dispatcher#serve'
actionpack (8.1.3.1) lib/action_dispatch/journey/router.rb:35:in 'block in ActionDispatch::Journey::Router#serve'
actionpack (8.1.3.1) lib/action_dispatch/journey/router.rb:86:in 'block in ActionDispatch::Journey::Router#recognize'
actionpack (8.1.3.1) lib/action_dispatch/journey/router.rb:66:in 'Array#each'
actionpack (8.1.3.1) lib/action_dispatch/journey/router.rb:66:in 'ActionDispatch::Journey::Router#recognize'
actionpack (8.1.3.1) lib/action_dispatch/journey/router.rb:31:in 'ActionDispatch::Journey::Router#serve'
actionpack (8.1.3.1) lib/action_dispatch/routing/route_set.rb:906:in 'ActionDispatch::Routing::RouteSet#call'
railties (8.1.3.1) lib/rails/engine/lazy_route_set.rb:60:in 'Rails::Engine::LazyRouteSet#call'
rack (3.2.7) lib/rack/tempfile_reaper.rb:20:in 'Rack::TempfileReaper#call'
rack (3.2.7) lib/rack/etag.rb:29:in 'Rack::ETag#call'
rack (3.2.7) lib/rack/conditional_get.rb:31:in 'Rack::ConditionalGet#call'
rack (3.2.7) lib/rack/head.rb:15:in 'Rack::Head#call'
actionpack (8.1.3.1) lib/action_dispatch/http/content_security_policy.rb:38:in 'ActionDispatch::ContentSecurityPolicy::Middleware#call'
rack-session (2.1.2) lib/rack/session/abstract/id.rb:274:in 'Rack::Session::Abstract::Persisted#context'
rack-session (2.1.2) lib/rack/session/abstract/id.rb:268:in 'Rack::Session::Abstract::Persisted#call'
actionpack (8.1.3.1) lib/action_dispatch/middleware/cookies.rb:708:in 'ActionDispatch::Cookies#call'
activerecord (8.1.3.1) lib/active_record/migration.rb:671:in 'ActiveRecord::Migration::CheckPending#call'
actionpack (8.1.3.1) lib/action_dispatch/middleware/callbacks.rb:31:in 'block in ActionDispatch::Callbacks#call'
activesupport (8.1.3.1) lib/active_support/callbacks.rb:101:in 'ActiveSupport::Callbacks#run_callbacks'
actionpack (8.1.3.1) lib/action_dispatch/middleware/callbacks.rb:30:in 'ActionDispatch::Callbacks#call'
actionpack (8.1.3.1) lib/action_dispatch/middleware/executor.rb:20:in 'ActionDispatch::Executor#call'
actionpack (8.1.3.1) lib/action_dispatch/middleware/actionable_exceptions.rb:18:in 'ActionDispatch::ActionableExceptions#call'
actionpack (8.1.3.1) lib/action_dispatch/middleware/debug_exceptions.rb:31:in 'ActionDispatch::DebugExceptions#call'
web-console (4.3.0) lib/web_console/middleware.rb:132:in 'WebConsole::Middleware#call_app'
web-console (4.3.0) lib/web_console/middleware.rb:28:in 'block in WebConsole::Middleware#call'
web-console (4.3.0) lib/web_console/middleware.rb:17:in 'Kernel#catch'
web-console (4.3.0) lib/web_console/middleware.rb:17:in 'WebConsole::Middleware#call'
actionpack (8.1.3.1) lib/action_dispatch/middleware/show_exceptions.rb:32:in 'ActionDispatch::ShowExceptions#call'
railties (8.1.3.1) lib/rails/rack/logger.rb:41:in 'Rails::Rack::Logger#call_app'
railties (8.1.3.1) lib/rails/rack/logger.rb:29:in 'Rails::Rack::Logger#call'
propshaft (1.3.2) lib/propshaft/quiet_assets.rb:11:in 'Propshaft::QuietAssets#call'
actionpack (8.1.3.1) lib/action_dispatch/middleware/remote_ip.rb:98:in 'ActionDispatch::RemoteIp#call'
actionpack (8.1.3.1) lib/action_dispatch/middleware/request_id.rb:34:in 'ActionDispatch::RequestId#call'
rack (3.2.7) lib/rack/method_override.rb:28:in 'Rack::MethodOverride#call'
rack (3.2.7) lib/rack/runtime.rb:24:in 'Rack::Runtime#call'
activesupport (8.1.3.1) lib/active_support/cache/strategy/local_cache_middleware.rb:30:in 'ActiveSupport::Cache::Strategy::LocalCache::Middleware#call'
actionpack (8.1.3.1) lib/action_dispatch/middleware/server_timing.rb:61:in 'block in ActionDispatch::ServerTiming#call'
actionpack (8.1.3.1) lib/action_dispatch/middleware/server_timing.rb:26:in 'ActionDispatch::ServerTiming::Subscriber#collect_events'
actionpack (8.1.3.1) lib/action_dispatch/middleware/server_timing.rb:60:in 'ActionDispatch::ServerTiming#call'
actionpack (8.1.3.1) lib/action_dispatch/middleware/executor.rb:20:in 'ActionDispatch::Executor#call'
propshaft (1.3.2) lib/propshaft/server.rb:37:in 'Propshaft::Server#call'
actionpack (8.1.3.1) lib/action_dispatch/middleware/static.rb:27:in 'ActionDispatch::Static#call'
rack (3.2.7) lib/rack/sendfile.rb:131:in 'Rack::Sendfile#call'
actionpack (8.1.3.1) lib/action_dispatch/middleware/host_authorization.rb:143:in 'ActionDispatch::HostAuthorization#call'
railties (8.1.3.1) lib/rails/engine.rb:534:in 'Rails::Engine#call'
puma (8.0.2) lib/puma/configuration.rb:305:in 'Puma::Configuration::ConfigMiddleware#call'
puma (8.0.2) lib/puma/response.rb:79:in 'block in Puma::Response#handle_request'
puma (8.0.2) lib/puma/thread_pool.rb:434:in 'Puma::ThreadPool#with_force_shutdown'
puma (8.0.2) lib/puma/response.rb:78:in 'Puma::Response#handle_request'
puma (8.0.2) lib/puma/server.rb:508:in 'Puma::Server#process_client'
puma (8.0.2) lib/puma/server.rb:263:in 'block in Puma::Server#run'
puma (8.0.2) lib/puma/thread_pool.rb:246:in 'block in Puma::ThreadPool#spawn_thread'
Started GET "/admin/mission_assignments" for ::1 at 2026-09-10 09:01:01 -0300
Processing by Admin::MissionAssignmentsController#index as HTML
  Rendering layout layouts/admin.html.erb
  Rendering admin/mission_assignments/index.html.erb within layouts/admin
  [1m[36mMissionAssignment Count (1.3ms)[0m  [1m[34mSELECT COUNT(*) FROM "mission_assignments" /*action='index',application='MisionesApp',controller='mission_assignments'*/[0m
  ↳ app/views/admin/mission_assignments/index.html.erb:7
  [1m[36mMissionAssignment Exists? (0.3ms)[0m  [1m[34mSELECT 1 AS one FROM "mission_assignments" LIMIT 1 /*action='index',application='MisionesApp',controller='mission_assignments'*/[0m
  ↳ app/views/admin/mission_assignments/index.html.erb:29
  [1m[36mMissionAssignment Load (0.3ms)[0m  [1m[34mSELECT "mission_assignments".* FROM "mission_assignments" ORDER BY "mission_assignments"."assigned_at" DESC /*action='index',application='MisionesApp',controller='mission_assignments'*/[0m
  ↳ app/views/admin/mission_assignments/index.html.erb:31
  [1m[36mGuest Load (0.5ms)[0m  [1m[34mSELECT "guests".* FROM "guests" WHERE "guests"."id" IN (2, 1, 3) /*action='index',application='MisionesApp',controller='mission_assignments'*/[0m
  ↳ app/views/admin/mission_assignments/index.html.erb:31
  [1m[36mMission Load (0.4ms)[0m  [1m[34mSELECT "missions".* FROM "missions" WHERE "missions"."id" IN (1, 2, 4) /*action='index',application='MisionesApp',controller='mission_assignments'*/[0m
  ↳ app/views/admin/mission_assignments/index.html.erb:31
  Rendered admin/mission_assignments/index.html.erb within layouts/admin (Duration: 12.4ms | GC: 0.0ms)
  Rendered layout layouts/admin.html.erb (Duration: 19.1ms | GC: 0.1ms)
Completed 200 OK in 22ms (Views: 17.3ms | ActiveRecord: 2.7ms (5 queries, 0 cached) | GC: 0.1ms)


Started GET "/admin/ranking" for ::1 at 2026-09-10 09:01:01 -0300
Processing by Admin::RankingController#index as HTML
Completed 406 Not Acceptable in 3ms (ActiveRecord: 0.0ms (0 queries, 0 cached) | GC: 0.8ms)


  
ActionController::MissingExactTemplate (Admin::RankingController#index is missing a template for request formats: text/html):
  
actionpack (8.1.3.1) lib/action_controller/metal/implicit_render.rb:49:in 'ActionController::ImplicitRender#default_render'
actionpack (8.1.3.1) lib/action_controller/metal/basic_implicit_render.rb:9:in 'ActionController::BasicImplicitRender#send_action'
actionpack (8.1.3.1) lib/abstract_controller/base.rb:221:in 'AbstractController::Base#process_action'
actionpack (8.1.3.1) lib/action_controller/metal/rendering.rb:199:in 'ActionController::Rendering#process_action'
actionpack (8.1.3.1) lib/abstract_controller/callbacks.rb:267:in 'block in AbstractController::Callbacks#process_action'
activesupport (8.1.3.1) lib/active_support/callbacks.rb:121:in 'block in ActiveSupport::Callbacks#run_callbacks'
turbo-rails (2.0.23) lib/turbo-rails.rb:24:in 'Turbo.with_request_id'
turbo-rails (2.0.23) app/controllers/concerns/turbo/request_id_tracking.rb:10:in 'Turbo::RequestIdTracking#turbo_tracking_request_id'
activesupport (8.1.3.1) lib/active_support/callbacks.rb:130:in 'block in ActiveSupport::Callbacks#run_callbacks'
actiontext (8.1.3.1) lib/action_text/rendering.rb:24:in 'ActionText::Rendering::ClassMethods#with_renderer'
actiontext (8.1.3.1) lib/action_text/engine.rb:72:in 'block (4 levels) in <class:Engine>'
activesupport (8.1.3.1) lib/active_support/callbacks.rb:130:in 'BasicObject#instance_exec'
activesupport (8.1.3.1) lib/active_support/callbacks.rb:130:in 'block in ActiveSupport::Callbacks#run_callbacks'
activesupport (8.1.3.1) lib/active_support/callbacks.rb:141:in 'ActiveSupport::Callbacks#run_callbacks'
actionpack (8.1.3.1) lib/abstract_controller/callbacks.rb:266:in 'AbstractController::Callbacks#process_action'
actionpack (8.1.3.1) lib/action_controller/metal/rescue.rb:36:in 'ActionController::Rescue#process_action'
actionpack (8.1.3.1) lib/action_controller/metal/instrumentation.rb:76:in 'block in ActionController::Instrumentation#process_action'
activesupport (8.1.3.1) lib/active_support/notifications.rb:210:in 'block in ActiveSupport::Notifications.instrument'
activesupport (8.1.3.1) lib/active_support/notifications/instrumenter.rb:58:in 'ActiveSupport::Notifications::Instrumenter#instrument'
activesupport (8.1.3.1) lib/active_support/notifications.rb:210:in 'ActiveSupport::Notifications.instrument'
actionpack (8.1.3.1) lib/action_controller/metal/instrumentation.rb:75:in 'ActionController::Instrumentation#process_action'
actionpack (8.1.3.1) lib/action_controller/metal/params_wrapper.rb:259:in 'ActionController::ParamsWrapper#process_action'
activerecord (8.1.3.1) lib/active_record/railties/controller_runtime.rb:39:in 'ActiveRecord::Railties::ControllerRuntime#process_action'
actionpack (8.1.3.1) lib/abstract_controller/base.rb:154:in 'AbstractController::Base#process'
actionview (8.1.3.1) lib/action_view/rendering.rb:40:in 'ActionView::Rendering#process'
actionpack (8.1.3.1) lib/action_controller/metal.rb:252:in 'ActionController::Metal#dispatch'
actionpack (8.1.3.1) lib/action_controller/metal.rb:335:in 'ActionController::Metal.dispatch'
actionpack (8.1.3.1) lib/action_dispatch/routing/route_set.rb:65:in 'ActionDispatch::Routing::RouteSet::Dispatcher#dispatch'
actionpack (8.1.3.1) lib/action_dispatch/routing/route_set.rb:50:in 'ActionDispatch::Routing::RouteSet::Dispatcher#serve'
actionpack (8.1.3.1) lib/action_dispatch/journey/router.rb:35:in 'block in ActionDispatch::Journey::Router#serve'
actionpack (8.1.3.1) lib/action_dispatch/journey/router.rb:86:in 'block in ActionDispatch::Journey::Router#recognize'
actionpack (8.1.3.1) lib/action_dispatch/journey/router.rb:66:in 'Array#each'
actionpack (8.1.3.1) lib/action_dispatch/journey/router.rb:66:in 'ActionDispatch::Journey::Router#recognize'
actionpack (8.1.3.1) lib/action_dispatch/journey/router.rb:31:in 'ActionDispatch::Journey::Router#serve'
actionpack (8.1.3.1) lib/action_dispatch/routing/route_set.rb:906:in 'ActionDispatch::Routing::RouteSet#call'
railties (8.1.3.1) lib/rails/engine/lazy_route_set.rb:60:in 'Rails::Engine::LazyRouteSet#call'
rack (3.2.7) lib/rack/tempfile_reaper.rb:20:in 'Rack::TempfileReaper#call'
rack (3.2.7) lib/rack/etag.rb:29:in 'Rack::ETag#call'
rack (3.2.7) lib/rack/conditional_get.rb:31:in 'Rack::ConditionalGet#call'
rack (3.2.7) lib/rack/head.rb:15:in 'Rack::Head#call'
actionpack (8.1.3.1) lib/action_dispatch/http/content_security_policy.rb:38:in 'ActionDispatch::ContentSecurityPolicy::Middleware#call'
rack-session (2.1.2) lib/rack/session/abstract/id.rb:274:in 'Rack::Session::Abstract::Persisted#context'
rack-session (2.1.2) lib/rack/session/abstract/id.rb:268:in 'Rack::Session::Abstract::Persisted#call'
actionpack (8.1.3.1) lib/action_dispatch/middleware/cookies.rb:708:in 'ActionDispatch::Cookies#call'
activerecord (8.1.3.1) lib/active_record/migration.rb:671:in 'ActiveRecord::Migration::CheckPending#call'
actionpack (8.1.3.1) lib/action_dispatch/middleware/callbacks.rb:31:in 'block in ActionDispatch::Callbacks#call'
activesupport (8.1.3.1) lib/active_support/callbacks.rb:101:in 'ActiveSupport::Callbacks#run_callbacks'
actionpack (8.1.3.1) lib/action_dispatch/middleware/callbacks.rb:30:in 'ActionDispatch::Callbacks#call'
actionpack (8.1.3.1) lib/action_dispatch/middleware/executor.rb:20:in 'ActionDispatch::Executor#call'
actionpack (8.1.3.1) lib/action_dispatch/middleware/actionable_exceptions.rb:18:in 'ActionDispatch::ActionableExceptions#call'
actionpack (8.1.3.1) lib/action_dispatch/middleware/debug_exceptions.rb:31:in 'ActionDispatch::DebugExceptions#call'
web-console (4.3.0) lib/web_console/middleware.rb:132:in 'WebConsole::Middleware#call_app'
web-console (4.3.0) lib/web_console/middleware.rb:28:in 'block in WebConsole::Middleware#call'
web-console (4.3.0) lib/web_console/middleware.rb:17:in 'Kernel#catch'
web-console (4.3.0) lib/web_console/middleware.rb:17:in 'WebConsole::Middleware#call'
actionpack (8.1.3.1) lib/action_dispatch/middleware/show_exceptions.rb:32:in 'ActionDispatch::ShowExceptions#call'
railties (8.1.3.1) lib/rails/rack/logger.rb:41:in 'Rails::Rack::Logger#call_app'
railties (8.1.3.1) lib/rails/rack/logger.rb:29:in 'Rails::Rack::Logger#call'
propshaft (1.3.2) lib/propshaft/quiet_assets.rb:11:in 'Propshaft::QuietAssets#call'
actionpack (8.1.3.1) lib/action_dispatch/middleware/remote_ip.rb:98:in 'ActionDispatch::RemoteIp#call'
actionpack (8.1.3.1) lib/action_dispatch/middleware/request_id.rb:34:in 'ActionDispatch::RequestId#call'
rack (3.2.7) lib/rack/method_override.rb:28:in 'Rack::MethodOverride#call'
rack (3.2.7) lib/rack/runtime.rb:24:in 'Rack::Runtime#call'
activesupport (8.1.3.1) lib/active_support/cache/strategy/local_cache_middleware.rb:30:in 'ActiveSupport::Cache::Strategy::LocalCache::Middleware#call'
actionpack (8.1.3.1) lib/action_dispatch/middleware/server_timing.rb:61:in 'block in ActionDispatch::ServerTiming#call'
actionpack (8.1.3.1) lib/action_dispatch/middleware/server_timing.rb:26:in 'ActionDispatch::ServerTiming::Subscriber#collect_events'
actionpack (8.1.3.1) lib/action_dispatch/middleware/server_timing.rb:60:in 'ActionDispatch::ServerTiming#call'
actionpack (8.1.3.1) lib/action_dispatch/middleware/executor.rb:20:in 'ActionDispatch::Executor#call'
propshaft (1.3.2) lib/propshaft/server.rb:37:in 'Propshaft::Server#call'
actionpack (8.1.3.1) lib/action_dispatch/middleware/static.rb:27:in 'ActionDispatch::Static#call'
rack (3.2.7) lib/rack/sendfile.rb:131:in 'Rack::Sendfile#call'
actionpack (8.1.3.1) lib/action_dispatch/middleware/host_authorization.rb:143:in 'ActionDispatch::HostAuthorization#call'
railties (8.1.3.1) lib/rails/engine.rb:534:in 'Rails::Engine#call'
puma (8.0.2) lib/puma/configuration.rb:305:in 'Puma::Configuration::ConfigMiddleware#call'
puma (8.0.2) lib/puma/response.rb:79:in 'block in Puma::Response#handle_request'
puma (8.0.2) lib/puma/thread_pool.rb:434:in 'Puma::ThreadPool#with_force_shutdown'
puma (8.0.2) lib/puma/response.rb:78:in 'Puma::Response#handle_request'
puma (8.0.2) lib/puma/server.rb:508:in 'Puma::Server#process_client'
puma (8.0.2) lib/puma/server.rb:263:in 'block in Puma::Server#run'
puma (8.0.2) lib/puma/thread_pool.rb:246:in 'block in Puma::ThreadPool#spawn_thread'
Started GET "/admin/mission_assignments" for ::1 at 2026-09-10 09:01:04 -0300
Processing by Admin::MissionAssignmentsController#index as HTML
  Rendering layout layouts/admin.html.erb
  Rendering admin/mission_assignments/index.html.erb within layouts/admin
  [1m[36mMissionAssignment Count (0.4ms)[0m  [1m[34mSELECT COUNT(*) FROM "mission_assignments" /*action='index',application='MisionesApp',controller='mission_assignments'*/[0m
  ↳ app/views/admin/mission_assignments/index.html.erb:7
  [1m[36mMissionAssignment Exists? (0.3ms)[0m  [1m[34mSELECT 1 AS one FROM "mission_assignments" LIMIT 1 /*action='index',application='MisionesApp',controller='mission_assignments'*/[0m
  ↳ app/views/admin/mission_assignments/index.html.erb:29
  [1m[36mMissionAssignment Load (0.4ms)[0m  [1m[34mSELECT "mission_assignments".* FROM "mission_assignments" ORDER BY "mission_assignments"."assigned_at" DESC /*action='index',application='MisionesApp',controller='mission_assignments'*/[0m
  ↳ app/views/admin/mission_assignments/index.html.erb:31
  [1m[36mGuest Load (0.6ms)[0m  [1m[34mSELECT "guests".* FROM "guests" WHERE "guests"."id" IN (2, 1, 3) /*action='index',application='MisionesApp',controller='mission_assignments'*/[0m
  ↳ app/views/admin/mission_assignments/index.html.erb:31
  [1m[36mMission Load (0.6ms)[0m  [1m[34mSELECT "missions".* FROM "missions" WHERE "missions"."id" IN (1, 2, 4) /*action='index',application='MisionesApp',controller='mission_assignments'*/[0m
  ↳ app/views/admin/mission_assignments/index.html.erb:31
  Rendered admin/mission_assignments/index.html.erb within layouts/admin (Duration: 15.4ms | GC: 0.0ms)
  Rendered layout layouts/admin.html.erb (Duration: 17.0ms | GC: 0.0ms)
Completed 200 OK in 20ms (Views: 15.5ms | ActiveRecord: 2.3ms (5 queries, 0 cached) | GC: 0.0ms)


Started GET "/admin/missions" for ::1 at 2026-09-10 09:01:05 -0300
Processing by Admin::MissionsController#index as HTML
  Rendering layout layouts/admin.html.erb
  Rendering admin/missions/index.html.erb within layouts/admin
  [1m[36mMission Count (0.4ms)[0m  [1m[34mSELECT COUNT(*) FROM "missions" /*action='index',application='MisionesApp',controller='missions'*/[0m
  ↳ app/views/admin/missions/index.html.erb:7
  [1m[36mMission Exists? (0.2ms)[0m  [1m[34mSELECT 1 AS one FROM "missions" LIMIT 1 /*action='index',application='MisionesApp',controller='missions'*/[0m
  ↳ app/views/admin/missions/index.html.erb:13
  [1m[36mMission Load (0.2ms)[0m  [1m[34mSELECT "missions".* FROM "missions" ORDER BY "missions"."description" ASC /*action='index',application='MisionesApp',controller='missions'*/[0m
  ↳ app/views/admin/missions/index.html.erb:15
  [1m[36mGuest Load (0.4ms)[0m  [1m[34mSELECT "guests".* FROM "guests" WHERE "guests"."id" IN (1, 2, 3) /*action='index',application='MisionesApp',controller='missions'*/[0m
  ↳ app/views/admin/missions/index.html.erb:15
  Rendered admin/missions/index.html.erb within layouts/admin (Duration: 10.4ms | GC: 0.7ms)
  Rendered layout layouts/admin.html.erb (Duration: 12.2ms | GC: 0.7ms)
Completed 200 OK in 15ms (Views: 12.1ms | ActiveRecord: 1.1ms (4 queries, 0 cached) | GC: 0.7ms)


Started GET "/admin" for ::1 at 2026-09-10 09:01:05 -0300
Processing by Admin::DashboardController#index as HTML
  [1m[36mGuest Count (0.7ms)[0m  [1m[34mSELECT COUNT(*) FROM "guests" /*action='index',application='MisionesApp',controller='dashboard'*/[0m
  ↳ app/controllers/admin/dashboard_controller.rb:5:in 'Admin::DashboardController#index'
  [1m[36mMission Count (0.3ms)[0m  [1m[34mSELECT COUNT(*) FROM "missions" /*action='index',application='MisionesApp',controller='dashboard'*/[0m
  ↳ app/controllers/admin/dashboard_controller.rb:6:in 'Admin::DashboardController#index'
  [1m[36mMission Count (0.3ms)[0m  [1m[34mSELECT COUNT(*) FROM "missions" WHERE "missions"."active" = TRUE /*action='index',application='MisionesApp',controller='dashboard'*/[0m
  ↳ app/controllers/admin/dashboard_controller.rb:7:in 'Admin::DashboardController#index'
  [1m[36mMissionAssignment Count (0.2ms)[0m  [1m[34mSELECT COUNT(*) FROM "mission_assignments" /*action='index',application='MisionesApp',controller='dashboard'*/[0m
  ↳ app/controllers/admin/dashboard_controller.rb:8:in 'Admin::DashboardController#index'
  [1m[36mMissionAssignment Count (0.5ms)[0m  [1m[34mSELECT COUNT(*) FROM "mission_assignments" WHERE "mission_assignments"."status" = 0 /*action='index',application='MisionesApp',controller='dashboard'*/[0m
  ↳ app/controllers/admin/dashboard_controller.rb:9:in 'Admin::DashboardController#index'
  [1m[36mMissionAssignment Count (0.4ms)[0m  [1m[34mSELECT COUNT(*) FROM "mission_assignments" WHERE "mission_assignments"."status" = 1 /*action='index',application='MisionesApp',controller='dashboard'*/[0m
  ↳ app/controllers/admin/dashboard_controller.rb:10:in 'Admin::DashboardController#index'
  [1m[36mMissionAssignment Count (0.3ms)[0m  [1m[34mSELECT COUNT(*) FROM "mission_assignments" WHERE "mission_assignments"."status" = 2 /*action='index',application='MisionesApp',controller='dashboard'*/[0m
  ↳ app/controllers/admin/dashboard_controller.rb:11:in 'Admin::DashboardController#index'
  Rendering layout layouts/admin.html.erb
  Rendering admin/dashboard/index.html.erb within layouts/admin
  [1m[36mGuest Exists? (0.2ms)[0m  [1m[34mSELECT 1 AS one FROM "guests" LIMIT 1 /*action='index',application='MisionesApp',controller='dashboard'*/[0m
  ↳ app/views/admin/dashboard/index.html.erb:32
  [1m[36mGuest Load (0.3ms)[0m  [1m[34mSELECT "guests".* FROM "guests" ORDER BY "guests"."points" DESC, "guests"."name" ASC LIMIT 3 /*action='index',application='MisionesApp',controller='dashboard'*/[0m
  ↳ app/views/admin/dashboard/index.html.erb:40:in 'Enumerable#each_with_index'
  [1m[36mMissionAssignment Count (0.6ms)[0m  [1m[34mSELECT COUNT(*) FROM "mission_assignments" WHERE "mission_assignments"."guest_id" = 3 AND "mission_assignments"."status" = 0 /*action='index',application='MisionesApp',controller='dashboard'*/[0m
  ↳ app/views/admin/dashboard/index.html.erb:57
  [1m[36mMissionAssignment Count (0.4ms)[0m  [1m[34mSELECT COUNT(*) FROM "mission_assignments" WHERE "mission_assignments"."guest_id" = 2 AND "mission_assignments"."status" = 0 /*action='index',application='MisionesApp',controller='dashboard'*/[0m
  ↳ app/views/admin/dashboard/index.html.erb:57
  [1m[36mMissionAssignment Count (0.2ms)[0m  [1m[34mSELECT COUNT(*) FROM "mission_assignments" WHERE "mission_assignments"."guest_id" = 1 AND "mission_assignments"."status" = 0 /*action='index',application='MisionesApp',controller='dashboard'*/[0m
  ↳ app/views/admin/dashboard/index.html.erb:57
  Rendered admin/dashboard/index.html.erb within layouts/admin (Duration: 11.0ms | GC: 0.0ms)
  Rendered layout layouts/admin.html.erb (Duration: 12.8ms | GC: 0.0ms)
Completed 200 OK in 27ms (Views: 11.7ms | ActiveRecord: 4.4ms (12 queries, 0 cached) | GC: 0.0ms)


Started GET "/admin/guests" for ::1 at 2026-09-10 09:01:06 -0300
Processing by Admin::GuestsController#index as HTML
  Rendering layout layouts/admin.html.erb
  Rendering admin/guests/index.html.erb within layouts/admin
  [1m[36mGuest Count (0.5ms)[0m  [1m[34mSELECT COUNT(*) FROM "guests" /*action='index',application='MisionesApp',controller='guests'*/[0m
  ↳ app/views/admin/guests/index.html.erb:7
  [1m[36mGuest Exists? (0.2ms)[0m  [1m[34mSELECT 1 AS one FROM "guests" LIMIT 1 /*action='index',application='MisionesApp',controller='guests'*/[0m
  ↳ app/views/admin/guests/index.html.erb:13
  [1m[36mGuest Load (0.3ms)[0m  [1m[34mSELECT "guests".* FROM "guests" ORDER BY "guests"."name" ASC /*action='index',application='MisionesApp',controller='guests'*/[0m
  ↳ app/views/admin/guests/index.html.erb:15
  [1m[36mMission Load (0.5ms)[0m  [1m[34mSELECT "missions".* FROM "missions" INNER JOIN "mission_assignments" ON "missions"."id" = "mission_assignments"."mission_id" WHERE "mission_assignments"."guest_id" = 2 AND "mission_assignments"."status" = 0 LIMIT 1 /*action='index',application='MisionesApp',controller='guests'*/[0m
  ↳ app/views/admin/guests/index.html.erb:31
  [1m[36mMission Load (0.4ms)[0m  [1m[34mSELECT "missions".* FROM "missions" INNER JOIN "mission_assignments" ON "missions"."id" = "mission_assignments"."mission_id" WHERE "mission_assignments"."guest_id" = 3 AND "mission_assignments"."status" = 0 LIMIT 1 /*action='index',application='MisionesApp',controller='guests'*/[0m
  ↳ app/views/admin/guests/index.html.erb:31
  [1m[36mMission Load (0.4ms)[0m  [1m[34mSELECT "missions".* FROM "missions" INNER JOIN "mission_assignments" ON "missions"."id" = "mission_assignments"."mission_id" WHERE "mission_assignments"."guest_id" = 1 AND "mission_assignments"."status" = 0 LIMIT 1 /*action='index',application='MisionesApp',controller='guests'*/[0m
  ↳ app/views/admin/guests/index.html.erb:31
  Rendered admin/guests/index.html.erb within layouts/admin (Duration: 14.0ms | GC: 0.0ms)
  Rendered layout layouts/admin.html.erb (Duration: 15.5ms | GC: 0.0ms)
Completed 200 OK in 19ms (Views: 14.0ms | ActiveRecord: 2.2ms (6 queries, 0 cached) | GC: 0.0ms)


Started GET "/admin/guests/new" for ::1 at 2026-09-10 09:01:08 -0300
Processing by Admin::GuestsController#new as HTML
  Rendering layout layouts/admin.html.erb
  Rendering admin/guests/new.html.erb within layouts/admin
  Rendered admin/guests/_form.html.erb (Duration: 6.4ms | GC: 0.0ms)
  Rendered admin/guests/new.html.erb within layouts/admin (Duration: 8.0ms | GC: 0.0ms)
  Rendered layout layouts/admin.html.erb (Duration: 9.3ms | GC: 0.0ms)
Completed 200 OK in 12ms (Views: 9.7ms | ActiveRecord: 0.0ms (0 queries, 0 cached) | GC: 0.0ms)


Started POST "/admin/guests" for ::1 at 2026-09-10 09:01:53 -0300
Processing by Admin::GuestsController#create as TURBO_STREAM
  Parameters: {"authenticity_token" => "[FILTERED]", "guest" => {"name" => "Cheiwi", "phone" => "", "email" => "[FILTERED]", "picture" => "https://quo.eldiario.es/wp-content/uploads/2019/10/la-ciencia-descubre-a-que-edad-los-cachorros-son-mas-adorables.jpg.webp", "points" => "0", "attempts" => "1"}, "commit" => "Crear invitado"}
  [1m[36mTRANSACTION (0.3ms)[0m  [1m[35mBEGIN /*action='create',application='MisionesApp',controller='guests'*/[0m
  ↳ app/controllers/admin/guests_controller.rb:23:in 'Admin::GuestsController#create'
  [1m[36mGuest Create (5.1ms)[0m  [1m[32mINSERT INTO "guests" ("attempts", "created_at", "email", "name", "phone", "picture", "points", "updated_at") VALUES (1, '2026-09-10 12:01:53.594192', 'ags@uc.cl', 'Cheiwi', '', 'https://quo.eldiario.es/wp-content/uploads/2019/10/la-ciencia-descubre-a-que-edad-los-cachorros-son-mas-adorables.jpg.webp', 0, '2026-09-10 12:01:53.594192') RETURNING "id" /*action='create',application='MisionesApp',controller='guests'*/[0m
  ↳ app/controllers/admin/guests_controller.rb:23:in 'Admin::GuestsController#create'
  [1m[36mTRANSACTION (1.1ms)[0m  [1m[35mCOMMIT /*action='create',application='MisionesApp',controller='guests'*/[0m
  ↳ app/controllers/admin/guests_controller.rb:23:in 'Admin::GuestsController#create'
Redirected to http://localhost:3000/admin/guests/4
↳ app/controllers/admin/guests_controller.rb:24:in 'Admin::GuestsController#create'
Completed 302 Found in 22ms (ActiveRecord: 6.5ms (1 query, 0 cached) | GC: 0.6ms)


Started GET "/admin/guests/4" for ::1 at 2026-09-10 09:01:53 -0300
Processing by Admin::GuestsController#show as TURBO_STREAM
  Parameters: {"id" => "4"}
  [1m[36mGuest Load (0.8ms)[0m  [1m[34mSELECT "guests".* FROM "guests" WHERE "guests"."id" = 4 LIMIT 1 /*action='show',application='MisionesApp',controller='guests'*/[0m
  ↳ app/controllers/admin/guests_controller.rb:48:in 'Admin::GuestsController#set_guest'
  Rendering layout layouts/admin.html.erb
  Rendering admin/guests/show.html.erb within layouts/admin
  [1m[36mMission Load (0.6ms)[0m  [1m[34mSELECT "missions".* FROM "missions" INNER JOIN "mission_assignments" ON "missions"."id" = "mission_assignments"."mission_id" WHERE "mission_assignments"."guest_id" = 4 AND "mission_assignments"."status" = 0 LIMIT 1 /*action='show',application='MisionesApp',controller='guests'*/[0m
  ↳ app/views/admin/guests/show.html.erb:64
  [1m[36mMissionAssignment Count (0.2ms)[0m  [1m[34mSELECT COUNT(*) FROM "mission_assignments" WHERE "mission_assignments"."guest_id" = 4 /*action='show',application='MisionesApp',controller='guests'*/[0m
  ↳ app/views/admin/guests/show.html.erb:78
  [1m[36mMissionAssignment Exists? (0.2ms)[0m  [1m[34mSELECT 1 AS one FROM "mission_assignments" WHERE "mission_assignments"."guest_id" = 4 LIMIT 1 /*action='show',application='MisionesApp',controller='guests'*/[0m
  ↳ app/views/admin/guests/show.html.erb:83
  Rendered admin/guests/show.html.erb within layouts/admin (Duration: 8.6ms | GC: 0.0ms)
  Rendered layout layouts/admin.html.erb (Duration: 9.6ms | GC: 0.0ms)
Completed 200 OK in 20ms (Views: 11.2ms | ActiveRecord: 1.7ms (4 queries, 0 cached) | GC: 1.0ms)


Started GET "/admin/guests" for ::1 at 2026-09-10 09:01:57 -0300
Processing by Admin::GuestsController#index as HTML
  Rendering layout layouts/admin.html.erb
  Rendering admin/guests/index.html.erb within layouts/admin
  [1m[36mGuest Count (0.4ms)[0m  [1m[34mSELECT COUNT(*) FROM "guests" /*action='index',application='MisionesApp',controller='guests'*/[0m
  ↳ app/views/admin/guests/index.html.erb:7
  [1m[36mGuest Exists? (0.4ms)[0m  [1m[34mSELECT 1 AS one FROM "guests" LIMIT 1 /*action='index',application='MisionesApp',controller='guests'*/[0m
  ↳ app/views/admin/guests/index.html.erb:13
  [1m[36mGuest Load (0.3ms)[0m  [1m[34mSELECT "guests".* FROM "guests" ORDER BY "guests"."name" ASC /*action='index',application='MisionesApp',controller='guests'*/[0m
  ↳ app/views/admin/guests/index.html.erb:15
  [1m[36mMission Load (0.5ms)[0m  [1m[34mSELECT "missions".* FROM "missions" INNER JOIN "mission_assignments" ON "missions"."id" = "mission_assignments"."mission_id" WHERE "mission_assignments"."guest_id" = 4 AND "mission_assignments"."status" = 0 LIMIT 1 /*action='index',application='MisionesApp',controller='guests'*/[0m
  ↳ app/views/admin/guests/index.html.erb:31
  [1m[36mMission Load (0.4ms)[0m  [1m[34mSELECT "missions".* FROM "missions" INNER JOIN "mission_assignments" ON "missions"."id" = "mission_assignments"."mission_id" WHERE "mission_assignments"."guest_id" = 2 AND "mission_assignments"."status" = 0 LIMIT 1 /*action='index',application='MisionesApp',controller='guests'*/[0m
  ↳ app/views/admin/guests/index.html.erb:31
  [1m[36mMission Load (0.4ms)[0m  [1m[34mSELECT "missions".* FROM "missions" INNER JOIN "mission_assignments" ON "missions"."id" = "mission_assignments"."mission_id" WHERE "mission_assignments"."guest_id" = 3 AND "mission_assignments"."status" = 0 LIMIT 1 /*action='index',application='MisionesApp',controller='guests'*/[0m
  ↳ app/views/admin/guests/index.html.erb:31
  [1m[36mMission Load (0.5ms)[0m  [1m[34mSELECT "missions".* FROM "missions" INNER JOIN "mission_assignments" ON "missions"."id" = "mission_assignments"."mission_id" WHERE "mission_assignments"."guest_id" = 1 AND "mission_assignments"."status" = 0 LIMIT 1 /*action='index',application='MisionesApp',controller='guests'*/[0m
  ↳ app/views/admin/guests/index.html.erb:31
  Rendered admin/guests/index.html.erb within layouts/admin (Duration: 18.7ms | GC: 0.5ms)
  Rendered layout layouts/admin.html.erb (Duration: 20.1ms | GC: 0.5ms)
Completed 200 OK in 22ms (Views: 17.9ms | ActiveRecord: 2.8ms (7 queries, 0 cached) | GC: 0.5ms)


Started GET "/admin" for ::1 at 2026-09-10 09:01:57 -0300
Processing by Admin::DashboardController#index as HTML
  [1m[36mGuest Count (0.4ms)[0m  [1m[34mSELECT COUNT(*) FROM "guests" /*action='index',application='MisionesApp',controller='dashboard'*/[0m
  ↳ app/controllers/admin/dashboard_controller.rb:5:in 'Admin::DashboardController#index'
  [1m[36mMission Count (0.3ms)[0m  [1m[34mSELECT COUNT(*) FROM "missions" /*action='index',application='MisionesApp',controller='dashboard'*/[0m
  ↳ app/controllers/admin/dashboard_controller.rb:6:in 'Admin::DashboardController#index'
  [1m[36mMission Count (0.2ms)[0m  [1m[34mSELECT COUNT(*) FROM "missions" WHERE "missions"."active" = TRUE /*action='index',application='MisionesApp',controller='dashboard'*/[0m
  ↳ app/controllers/admin/dashboard_controller.rb:7:in 'Admin::DashboardController#index'
  [1m[36mMissionAssignment Count (0.3ms)[0m  [1m[34mSELECT COUNT(*) FROM "mission_assignments" /*action='index',application='MisionesApp',controller='dashboard'*/[0m
  ↳ app/controllers/admin/dashboard_controller.rb:8:in 'Admin::DashboardController#index'
  [1m[36mMissionAssignment Count (0.4ms)[0m  [1m[34mSELECT COUNT(*) FROM "mission_assignments" WHERE "mission_assignments"."status" = 0 /*action='index',application='MisionesApp',controller='dashboard'*/[0m
  ↳ app/controllers/admin/dashboard_controller.rb:9:in 'Admin::DashboardController#index'
  [1m[36mMissionAssignment Count (0.2ms)[0m  [1m[34mSELECT COUNT(*) FROM "mission_assignments" WHERE "mission_assignments"."status" = 1 /*action='index',application='MisionesApp',controller='dashboard'*/[0m
  ↳ app/controllers/admin/dashboard_controller.rb:10:in 'Admin::DashboardController#index'
  [1m[36mMissionAssignment Count (0.2ms)[0m  [1m[34mSELECT COUNT(*) FROM "mission_assignments" WHERE "mission_assignments"."status" = 2 /*action='index',application='MisionesApp',controller='dashboard'*/[0m
  ↳ app/controllers/admin/dashboard_controller.rb:11:in 'Admin::DashboardController#index'
  Rendering layout layouts/admin.html.erb
  Rendering admin/dashboard/index.html.erb within layouts/admin
  [1m[36mGuest Exists? (0.2ms)[0m  [1m[34mSELECT 1 AS one FROM "guests" LIMIT 1 /*action='index',application='MisionesApp',controller='dashboard'*/[0m
  ↳ app/views/admin/dashboard/index.html.erb:32
  [1m[36mGuest Load (0.8ms)[0m  [1m[34mSELECT "guests".* FROM "guests" ORDER BY "guests"."points" DESC, "guests"."name" ASC LIMIT 3 /*action='index',application='MisionesApp',controller='dashboard'*/[0m
  ↳ app/views/admin/dashboard/index.html.erb:40:in 'Enumerable#each_with_index'
  [1m[36mMissionAssignment Count (0.3ms)[0m  [1m[34mSELECT COUNT(*) FROM "mission_assignments" WHERE "mission_assignments"."guest_id" = 3 AND "mission_assignments"."status" = 0 /*action='index',application='MisionesApp',controller='dashboard'*/[0m
  ↳ app/views/admin/dashboard/index.html.erb:57
  [1m[36mMissionAssignment Count (0.2ms)[0m  [1m[34mSELECT COUNT(*) FROM "mission_assignments" WHERE "mission_assignments"."guest_id" = 4 AND "mission_assignments"."status" = 0 /*action='index',application='MisionesApp',controller='dashboard'*/[0m
  ↳ app/views/admin/dashboard/index.html.erb:57
  [1m[36mMissionAssignment Count (0.3ms)[0m  [1m[34mSELECT COUNT(*) FROM "mission_assignments" WHERE "mission_assignments"."guest_id" = 2 AND "mission_assignments"."status" = 0 /*action='index',application='MisionesApp',controller='dashboard'*/[0m
  ↳ app/views/admin/dashboard/index.html.erb:57
  Rendered admin/dashboard/index.html.erb within layouts/admin (Duration: 11.2ms | GC: 0.4ms)
  Rendered layout layouts/admin.html.erb (Duration: 12.7ms | GC: 0.4ms)
Completed 200 OK in 26ms (Views: 11.5ms | ActiveRecord: 3.8ms (12 queries, 0 cached) | GC: 0.4ms)


Using vips to process variants requires the libvips library. Please install libvips using the instructions on the libvips website.
Started GET "/admin/mission_assignments" for ::1 at 2026-09-10 09:05:47 -0300
Started GET "/admin/ranking" for ::1 at 2026-09-10 09:05:47 -0300
  [1m[36mActiveRecord::SchemaMigration Load (1.9ms)[0m  [1m[34mSELECT "schema_migrations"."version" FROM "schema_migrations" ORDER BY "schema_migrations"."version" ASC /*application='MisionesApp'*/[0m
  
ActionController::RoutingError (No route matches [GET] "/admin/ranking"):
  
Processing by Admin::MissionAssignmentsController#index as HTML
  Rendering layout layouts/admin.html.erb
  Rendering admin/mission_assignments/index.html.erb within layouts/admin
  [1m[36mMissionAssignment Count (1.4ms)[0m  [1m[34mSELECT COUNT(*) FROM "mission_assignments" /*action='index',application='MisionesApp',controller='mission_assignments'*/[0m
  ↳ app/views/admin/mission_assignments/index.html.erb:7
  [1m[36mMissionAssignment Exists? (0.2ms)[0m  [1m[34mSELECT 1 AS one FROM "mission_assignments" LIMIT 1 /*action='index',application='MisionesApp',controller='mission_assignments'*/[0m
  ↳ app/views/admin/mission_assignments/index.html.erb:29
  [1m[36mMissionAssignment Load (0.8ms)[0m  [1m[34mSELECT "mission_assignments".* FROM "mission_assignments" ORDER BY "mission_assignments"."assigned_at" DESC /*action='index',application='MisionesApp',controller='mission_assignments'*/[0m
  ↳ app/views/admin/mission_assignments/index.html.erb:31
  [1m[36mGuest Load (0.8ms)[0m  [1m[34mSELECT "guests".* FROM "guests" WHERE "guests"."id" IN (2, 1, 3) /*action='index',application='MisionesApp',controller='mission_assignments'*/[0m
  ↳ app/views/admin/mission_assignments/index.html.erb:31
  [1m[36mMission Load (0.7ms)[0m  [1m[34mSELECT "missions".* FROM "missions" WHERE "missions"."id" IN (1, 2, 4) /*action='index',application='MisionesApp',controller='mission_assignments'*/[0m
  ↳ app/views/admin/mission_assignments/index.html.erb:31
  Rendered admin/mission_assignments/index.html.erb within layouts/admin (Duration: 28.0ms | GC: 0.4ms)
  Rendered layout layouts/admin.html.erb (Duration: 33.2ms | GC: 0.6ms)
Completed 200 OK in 86ms (Views: 25.2ms | ActiveRecord: 29.6ms (5 queries, 0 cached) | GC: 13.0ms)


Started GET "/admin" for ::1 at 2026-09-10 09:05:49 -0300
Processing by Admin::DashboardController#index as HTML
  [1m[36mGuest Count (0.5ms)[0m  [1m[34mSELECT COUNT(*) FROM "guests" /*action='index',application='MisionesApp',controller='dashboard'*/[0m
  ↳ app/controllers/admin/dashboard_controller.rb:5:in 'Admin::DashboardController#index'
  [1m[36mMission Count (0.3ms)[0m  [1m[34mSELECT COUNT(*) FROM "missions" /*action='index',application='MisionesApp',controller='dashboard'*/[0m
  ↳ app/controllers/admin/dashboard_controller.rb:6:in 'Admin::DashboardController#index'
  [1m[36mMission Count (0.4ms)[0m  [1m[34mSELECT COUNT(*) FROM "missions" WHERE "missions"."active" = TRUE /*action='index',application='MisionesApp',controller='dashboard'*/[0m
  ↳ app/controllers/admin/dashboard_controller.rb:7:in 'Admin::DashboardController#index'
  [1m[36mMissionAssignment Count (0.2ms)[0m  [1m[34mSELECT COUNT(*) FROM "mission_assignments" /*action='index',application='MisionesApp',controller='dashboard'*/[0m
  ↳ app/controllers/admin/dashboard_controller.rb:8:in 'Admin::DashboardController#index'
  [1m[36mMissionAssignment Count (0.3ms)[0m  [1m[34mSELECT COUNT(*) FROM "mission_assignments" WHERE "mission_assignments"."status" = 0 /*action='index',application='MisionesApp',controller='dashboard'*/[0m
  ↳ app/controllers/admin/dashboard_controller.rb:9:in 'Admin::DashboardController#index'
  [1m[36mMissionAssignment Count (0.5ms)[0m  [1m[34mSELECT COUNT(*) FROM "mission_assignments" WHERE "mission_assignments"."status" = 1 /*action='index',application='MisionesApp',controller='dashboard'*/[0m
  ↳ app/controllers/admin/dashboard_controller.rb:10:in 'Admin::DashboardController#index'
  [1m[36mMissionAssignment Count (0.1ms)[0m  [1m[34mSELECT COUNT(*) FROM "mission_assignments" WHERE "mission_assignments"."status" = 2 /*action='index',application='MisionesApp',controller='dashboard'*/[0m
  ↳ app/controllers/admin/dashboard_controller.rb:11:in 'Admin::DashboardController#index'
  Rendering layout layouts/admin.html.erb
  Rendering admin/dashboard/index.html.erb within layouts/admin
  [1m[36mGuest Exists? (0.2ms)[0m  [1m[34mSELECT 1 AS one FROM "guests" LIMIT 1 /*action='index',application='MisionesApp',controller='dashboard'*/[0m
  ↳ app/views/admin/dashboard/index.html.erb:32
  [1m[36mGuest Load (0.6ms)[0m  [1m[34mSELECT "guests".* FROM "guests" ORDER BY "guests"."points" DESC, "guests"."name" ASC LIMIT 3 /*action='index',application='MisionesApp',controller='dashboard'*/[0m
  ↳ app/views/admin/dashboard/index.html.erb:40:in 'Enumerable#each_with_index'
  [1m[36mMissionAssignment Count (0.5ms)[0m  [1m[34mSELECT COUNT(*) FROM "mission_assignments" WHERE "mission_assignments"."guest_id" = 3 AND "mission_assignments"."status" = 0 /*action='index',application='MisionesApp',controller='dashboard'*/[0m
  ↳ app/views/admin/dashboard/index.html.erb:57
  [1m[36mMissionAssignment Count (0.2ms)[0m  [1m[34mSELECT COUNT(*) FROM "mission_assignments" WHERE "mission_assignments"."guest_id" = 4 AND "mission_assignments"."status" = 0 /*action='index',application='MisionesApp',controller='dashboard'*/[0m
  ↳ app/views/admin/dashboard/index.html.erb:57
  [1m[36mMissionAssignment Count (0.2ms)[0m  [1m[34mSELECT COUNT(*) FROM "mission_assignments" WHERE "mission_assignments"."guest_id" = 2 AND "mission_assignments"."status" = 0 /*action='index',application='MisionesApp',controller='dashboard'*/[0m
  ↳ app/views/admin/dashboard/index.html.erb:57
  Rendered admin/dashboard/index.html.erb within layouts/admin (Duration: 16.1ms | GC: 0.0ms)
  Rendered layout layouts/admin.html.erb (Duration: 17.6ms | GC: 0.0ms)
Completed 200 OK in 34ms (Views: 16.6ms | ActiveRecord: 4.0ms (12 queries, 0 cached) | GC: 0.0ms)


Started GET "/admin/mission_assignments" for ::1 at 2026-09-10 09:05:50 -0300
Processing by Admin::MissionAssignmentsController#index as HTML
  Rendering layout layouts/admin.html.erb
  Rendering admin/mission_assignments/index.html.erb within layouts/admin
  [1m[36mMissionAssignment Count (0.5ms)[0m  [1m[34mSELECT COUNT(*) FROM "mission_assignments" /*action='index',application='MisionesApp',controller='mission_assignments'*/[0m
  ↳ app/views/admin/mission_assignments/index.html.erb:7
  [1m[36mMissionAssignment Exists? (0.4ms)[0m  [1m[34mSELECT 1 AS one FROM "mission_assignments" LIMIT 1 /*action='index',application='MisionesApp',controller='mission_assignments'*/[0m
  ↳ app/views/admin/mission_assignments/index.html.erb:29
  [1m[36mMissionAssignment Load (0.3ms)[0m  [1m[34mSELECT "mission_assignments".* FROM "mission_assignments" ORDER BY "mission_assignments"."assigned_at" DESC /*action='index',application='MisionesApp',controller='mission_assignments'*/[0m
  ↳ app/views/admin/mission_assignments/index.html.erb:31
  [1m[36mGuest Load (0.3ms)[0m  [1m[34mSELECT "guests".* FROM "guests" WHERE "guests"."id" IN (2, 1, 3) /*action='index',application='MisionesApp',controller='mission_assignments'*/[0m
  ↳ app/views/admin/mission_assignments/index.html.erb:31
  [1m[36mMission Load (0.3ms)[0m  [1m[34mSELECT "missions".* FROM "missions" WHERE "missions"."id" IN (1, 2, 4) /*action='index',application='MisionesApp',controller='mission_assignments'*/[0m
  ↳ app/views/admin/mission_assignments/index.html.erb:31
  Rendered admin/mission_assignments/index.html.erb within layouts/admin (Duration: 11.9ms | GC: 0.0ms)
  Rendered layout layouts/admin.html.erb (Duration: 13.3ms | GC: 0.0ms)
Completed 200 OK in 16ms (Views: 12.2ms | ActiveRecord: 1.8ms (5 queries, 0 cached) | GC: 0.0ms)


Started GET "/admin/missions" for ::1 at 2026-09-10 09:05:50 -0300
Processing by Admin::MissionsController#index as HTML
  Rendering layout layouts/admin.html.erb
  Rendering admin/missions/index.html.erb within layouts/admin
  [1m[36mMission Count (0.5ms)[0m  [1m[34mSELECT COUNT(*) FROM "missions" /*action='index',application='MisionesApp',controller='missions'*/[0m
  ↳ app/views/admin/missions/index.html.erb:7
  [1m[36mMission Exists? (0.2ms)[0m  [1m[34mSELECT 1 AS one FROM "missions" LIMIT 1 /*action='index',application='MisionesApp',controller='missions'*/[0m
  ↳ app/views/admin/missions/index.html.erb:13
  [1m[36mMission Load (0.4ms)[0m  [1m[34mSELECT "missions".* FROM "missions" ORDER BY "missions"."description" ASC /*action='index',application='MisionesApp',controller='missions'*/[0m
  ↳ app/views/admin/missions/index.html.erb:15
  [1m[36mGuest Load (0.3ms)[0m  [1m[34mSELECT "guests".* FROM "guests" WHERE "guests"."id" IN (1, 2, 3) /*action='index',application='MisionesApp',controller='missions'*/[0m
  ↳ app/views/admin/missions/index.html.erb:15
  Rendered admin/missions/index.html.erb within layouts/admin (Duration: 10.6ms | GC: 0.0ms)
  Rendered layout layouts/admin.html.erb (Duration: 12.1ms | GC: 0.0ms)
Completed 200 OK in 17ms (Views: 11.6ms | ActiveRecord: 1.3ms (4 queries, 0 cached) | GC: 0.0ms)


Started GET "/admin/ranking" for ::1 at 2026-09-10 09:05:51 -0300
Processing by Admin::RankingController#index as HTML
Completed 406 Not Acceptable in 4ms (ActiveRecord: 0.0ms (0 queries, 0 cached) | GC: 0.0ms)


  
ActionController::MissingExactTemplate (Admin::RankingController#index is missing a template for request formats: text/html):
  
actionpack (8.1.3.1) lib/action_controller/metal/implicit_render.rb:49:in 'ActionController::ImplicitRender#default_render'
actionpack (8.1.3.1) lib/action_controller/metal/basic_implicit_render.rb:9:in 'ActionController::BasicImplicitRender#send_action'
actionpack (8.1.3.1) lib/abstract_controller/base.rb:221:in 'AbstractController::Base#process_action'
actionpack (8.1.3.1) lib/action_controller/metal/rendering.rb:199:in 'ActionController::Rendering#process_action'
actionpack (8.1.3.1) lib/abstract_controller/callbacks.rb:267:in 'block in AbstractController::Callbacks#process_action'
activesupport (8.1.3.1) lib/active_support/callbacks.rb:121:in 'block in ActiveSupport::Callbacks#run_callbacks'
turbo-rails (2.0.23) lib/turbo-rails.rb:24:in 'Turbo.with_request_id'
turbo-rails (2.0.23) app/controllers/concerns/turbo/request_id_tracking.rb:10:in 'Turbo::RequestIdTracking#turbo_tracking_request_id'
activesupport (8.1.3.1) lib/active_support/callbacks.rb:130:in 'block in ActiveSupport::Callbacks#run_callbacks'
actiontext (8.1.3.1) lib/action_text/rendering.rb:24:in 'ActionText::Rendering::ClassMethods#with_renderer'
actiontext (8.1.3.1) lib/action_text/engine.rb:72:in 'block (4 levels) in <class:Engine>'
activesupport (8.1.3.1) lib/active_support/callbacks.rb:130:in 'BasicObject#instance_exec'
activesupport (8.1.3.1) lib/active_support/callbacks.rb:130:in 'block in ActiveSupport::Callbacks#run_callbacks'
activesupport (8.1.3.1) lib/active_support/callbacks.rb:141:in 'ActiveSupport::Callbacks#run_callbacks'
actionpack (8.1.3.1) lib/abstract_controller/callbacks.rb:266:in 'AbstractController::Callbacks#process_action'
actionpack (8.1.3.1) lib/action_controller/metal/rescue.rb:36:in 'ActionController::Rescue#process_action'
actionpack (8.1.3.1) lib/action_controller/metal/instrumentation.rb:76:in 'block in ActionController::Instrumentation#process_action'
activesupport (8.1.3.1) lib/active_support/notifications.rb:210:in 'block in ActiveSupport::Notifications.instrument'
activesupport (8.1.3.1) lib/active_support/notifications/instrumenter.rb:58:in 'ActiveSupport::Notifications::Instrumenter#instrument'
activesupport (8.1.3.1) lib/active_support/notifications.rb:210:in 'ActiveSupport::Notifications.instrument'
actionpack (8.1.3.1) lib/action_controller/metal/instrumentation.rb:75:in 'ActionController::Instrumentation#process_action'
actionpack (8.1.3.1) lib/action_controller/metal/params_wrapper.rb:259:in 'ActionController::ParamsWrapper#process_action'
activerecord (8.1.3.1) lib/active_record/railties/controller_runtime.rb:39:in 'ActiveRecord::Railties::ControllerRuntime#process_action'
actionpack (8.1.3.1) lib/abstract_controller/base.rb:154:in 'AbstractController::Base#process'
actionview (8.1.3.1) lib/action_view/rendering.rb:40:in 'ActionView::Rendering#process'
actionpack (8.1.3.1) lib/action_controller/metal.rb:252:in 'ActionController::Metal#dispatch'
actionpack (8.1.3.1) lib/action_controller/metal.rb:335:in 'ActionController::Metal.dispatch'
actionpack (8.1.3.1) lib/action_dispatch/routing/route_set.rb:65:in 'ActionDispatch::Routing::RouteSet::Dispatcher#dispatch'
actionpack (8.1.3.1) lib/action_dispatch/routing/route_set.rb:50:in 'ActionDispatch::Routing::RouteSet::Dispatcher#serve'
actionpack (8.1.3.1) lib/action_dispatch/journey/router.rb:35:in 'block in ActionDispatch::Journey::Router#serve'
actionpack (8.1.3.1) lib/action_dispatch/journey/router.rb:86:in 'block in ActionDispatch::Journey::Router#recognize'
actionpack (8.1.3.1) lib/action_dispatch/journey/router.rb:66:in 'Array#each'
actionpack (8.1.3.1) lib/action_dispatch/journey/router.rb:66:in 'ActionDispatch::Journey::Router#recognize'
actionpack (8.1.3.1) lib/action_dispatch/journey/router.rb:31:in 'ActionDispatch::Journey::Router#serve'
actionpack (8.1.3.1) lib/action_dispatch/routing/route_set.rb:906:in 'ActionDispatch::Routing::RouteSet#call'
railties (8.1.3.1) lib/rails/engine/lazy_route_set.rb:60:in 'Rails::Engine::LazyRouteSet#call'
rack (3.2.7) lib/rack/tempfile_reaper.rb:20:in 'Rack::TempfileReaper#call'
rack (3.2.7) lib/rack/etag.rb:29:in 'Rack::ETag#call'
rack (3.2.7) lib/rack/conditional_get.rb:31:in 'Rack::ConditionalGet#call'
rack (3.2.7) lib/rack/head.rb:15:in 'Rack::Head#call'
actionpack (8.1.3.1) lib/action_dispatch/http/content_security_policy.rb:38:in 'ActionDispatch::ContentSecurityPolicy::Middleware#call'
rack-session (2.1.2) lib/rack/session/abstract/id.rb:274:in 'Rack::Session::Abstract::Persisted#context'
rack-session (2.1.2) lib/rack/session/abstract/id.rb:268:in 'Rack::Session::Abstract::Persisted#call'
actionpack (8.1.3.1) lib/action_dispatch/middleware/cookies.rb:708:in 'ActionDispatch::Cookies#call'
activerecord (8.1.3.1) lib/active_record/migration.rb:671:in 'ActiveRecord::Migration::CheckPending#call'
actionpack (8.1.3.1) lib/action_dispatch/middleware/callbacks.rb:31:in 'block in ActionDispatch::Callbacks#call'
activesupport (8.1.3.1) lib/active_support/callbacks.rb:101:in 'ActiveSupport::Callbacks#run_callbacks'
actionpack (8.1.3.1) lib/action_dispatch/middleware/callbacks.rb:30:in 'ActionDispatch::Callbacks#call'
actionpack (8.1.3.1) lib/action_dispatch/middleware/executor.rb:20:in 'ActionDispatch::Executor#call'
actionpack (8.1.3.1) lib/action_dispatch/middleware/actionable_exceptions.rb:18:in 'ActionDispatch::ActionableExceptions#call'
actionpack (8.1.3.1) lib/action_dispatch/middleware/debug_exceptions.rb:31:in 'ActionDispatch::DebugExceptions#call'
web-console (4.3.0) lib/web_console/middleware.rb:132:in 'WebConsole::Middleware#call_app'
web-console (4.3.0) lib/web_console/middleware.rb:28:in 'block in WebConsole::Middleware#call'
web-console (4.3.0) lib/web_console/middleware.rb:17:in 'Kernel#catch'
web-console (4.3.0) lib/web_console/middleware.rb:17:in 'WebConsole::Middleware#call'
actionpack (8.1.3.1) lib/action_dispatch/middleware/show_exceptions.rb:32:in 'ActionDispatch::ShowExceptions#call'
railties (8.1.3.1) lib/rails/rack/logger.rb:41:in 'Rails::Rack::Logger#call_app'
railties (8.1.3.1) lib/rails/rack/logger.rb:29:in 'Rails::Rack::Logger#call'
propshaft (1.3.2) lib/propshaft/quiet_assets.rb:11:in 'Propshaft::QuietAssets#call'
actionpack (8.1.3.1) lib/action_dispatch/middleware/remote_ip.rb:98:in 'ActionDispatch::RemoteIp#call'
actionpack (8.1.3.1) lib/action_dispatch/middleware/request_id.rb:34:in 'ActionDispatch::RequestId#call'
rack (3.2.7) lib/rack/method_override.rb:28:in 'Rack::MethodOverride#call'
rack (3.2.7) lib/rack/runtime.rb:24:in 'Rack::Runtime#call'
activesupport (8.1.3.1) lib/active_support/cache/strategy/local_cache_middleware.rb:30:in 'ActiveSupport::Cache::Strategy::LocalCache::Middleware#call'
actionpack (8.1.3.1) lib/action_dispatch/middleware/server_timing.rb:61:in 'block in ActionDispatch::ServerTiming#call'
actionpack (8.1.3.1) lib/action_dispatch/middleware/server_timing.rb:26:in 'ActionDispatch::ServerTiming::Subscriber#collect_events'
actionpack (8.1.3.1) lib/action_dispatch/middleware/server_timing.rb:60:in 'ActionDispatch::ServerTiming#call'
actionpack (8.1.3.1) lib/action_dispatch/middleware/executor.rb:20:in 'ActionDispatch::Executor#call'
propshaft (1.3.2) lib/propshaft/server.rb:37:in 'Propshaft::Server#call'
actionpack (8.1.3.1) lib/action_dispatch/middleware/static.rb:27:in 'ActionDispatch::Static#call'
rack (3.2.7) lib/rack/sendfile.rb:131:in 'Rack::Sendfile#call'
actionpack (8.1.3.1) lib/action_dispatch/middleware/host_authorization.rb:143:in 'ActionDispatch::HostAuthorization#call'
railties (8.1.3.1) lib/rails/engine.rb:534:in 'Rails::Engine#call'
puma (8.0.2) lib/puma/configuration.rb:305:in 'Puma::Configuration::ConfigMiddleware#call'
puma (8.0.2) lib/puma/response.rb:79:in 'block in Puma::Response#handle_request'
puma (8.0.2) lib/puma/thread_pool.rb:434:in 'Puma::ThreadPool#with_force_shutdown'
puma (8.0.2) lib/puma/response.rb:78:in 'Puma::Response#handle_request'
puma (8.0.2) lib/puma/server.rb:508:in 'Puma::Server#process_client'
puma (8.0.2) lib/puma/server.rb:263:in 'block in Puma::Server#run'
puma (8.0.2) lib/puma/thread_pool.rb:246:in 'block in Puma::ThreadPool#spawn_thread'
Started GET "/admin/missions" for ::1 at 2026-09-10 09:05:55 -0300
Processing by Admin::MissionsController#index as HTML
  Rendering layout layouts/admin.html.erb
  Rendering admin/missions/index.html.erb within layouts/admin
  [1m[36mMission Count (1.7ms)[0m  [1m[34mSELECT COUNT(*) FROM "missions" /*action='index',application='MisionesApp',controller='missions'*/[0m
  ↳ app/views/admin/missions/index.html.erb:7
  [1m[36mMission Exists? (0.4ms)[0m  [1m[34mSELECT 1 AS one FROM "missions" LIMIT 1 /*action='index',application='MisionesApp',controller='missions'*/[0m
  ↳ app/views/admin/missions/index.html.erb:13
  [1m[36mMission Load (0.4ms)[0m  [1m[34mSELECT "missions".* FROM "missions" ORDER BY "missions"."description" ASC /*action='index',application='MisionesApp',controller='missions'*/[0m
  ↳ app/views/admin/missions/index.html.erb:15
  [1m[36mGuest Load (0.4ms)[0m  [1m[34mSELECT "guests".* FROM "guests" WHERE "guests"."id" IN (1, 2, 3) /*action='index',application='MisionesApp',controller='missions'*/[0m
  ↳ app/views/admin/missions/index.html.erb:15
  Rendered admin/missions/index.html.erb within layouts/admin (Duration: 14.4ms | GC: 0.0ms)
  Rendered layout layouts/admin.html.erb (Duration: 16.4ms | GC: 0.0ms)
Completed 200 OK in 27ms (Views: 14.3ms | ActiveRecord: 2.9ms (4 queries, 0 cached) | GC: 0.0ms)


Started GET "/admin/ranking" for ::1 at 2026-09-10 09:06:16 -0300
Processing by Admin::RankingController#index as HTML
Completed 406 Not Acceptable in 9ms (ActiveRecord: 0.0ms (0 queries, 0 cached) | GC: 0.0ms)


  
ActionController::MissingExactTemplate (Admin::RankingController#index is missing a template for request formats: text/html):
  
actionpack (8.1.3.1) lib/action_controller/metal/implicit_render.rb:49:in 'ActionController::ImplicitRender#default_render'
actionpack (8.1.3.1) lib/action_controller/metal/basic_implicit_render.rb:9:in 'ActionController::BasicImplicitRender#send_action'
actionpack (8.1.3.1) lib/abstract_controller/base.rb:221:in 'AbstractController::Base#process_action'
actionpack (8.1.3.1) lib/action_controller/metal/rendering.rb:199:in 'ActionController::Rendering#process_action'
actionpack (8.1.3.1) lib/abstract_controller/callbacks.rb:267:in 'block in AbstractController::Callbacks#process_action'
activesupport (8.1.3.1) lib/active_support/callbacks.rb:121:in 'block in ActiveSupport::Callbacks#run_callbacks'
turbo-rails (2.0.23) lib/turbo-rails.rb:24:in 'Turbo.with_request_id'
turbo-rails (2.0.23) app/controllers/concerns/turbo/request_id_tracking.rb:10:in 'Turbo::RequestIdTracking#turbo_tracking_request_id'
activesupport (8.1.3.1) lib/active_support/callbacks.rb:130:in 'block in ActiveSupport::Callbacks#run_callbacks'
actiontext (8.1.3.1) lib/action_text/rendering.rb:24:in 'ActionText::Rendering::ClassMethods#with_renderer'
actiontext (8.1.3.1) lib/action_text/engine.rb:72:in 'block (4 levels) in <class:Engine>'
activesupport (8.1.3.1) lib/active_support/callbacks.rb:130:in 'BasicObject#instance_exec'
activesupport (8.1.3.1) lib/active_support/callbacks.rb:130:in 'block in ActiveSupport::Callbacks#run_callbacks'
activesupport (8.1.3.1) lib/active_support/callbacks.rb:141:in 'ActiveSupport::Callbacks#run_callbacks'
actionpack (8.1.3.1) lib/abstract_controller/callbacks.rb:266:in 'AbstractController::Callbacks#process_action'
actionpack (8.1.3.1) lib/action_controller/metal/rescue.rb:36:in 'ActionController::Rescue#process_action'
actionpack (8.1.3.1) lib/action_controller/metal/instrumentation.rb:76:in 'block in ActionController::Instrumentation#process_action'
activesupport (8.1.3.1) lib/active_support/notifications.rb:210:in 'block in ActiveSupport::Notifications.instrument'
activesupport (8.1.3.1) lib/active_support/notifications/instrumenter.rb:58:in 'ActiveSupport::Notifications::Instrumenter#instrument'
activesupport (8.1.3.1) lib/active_support/notifications.rb:210:in 'ActiveSupport::Notifications.instrument'
actionpack (8.1.3.1) lib/action_controller/metal/instrumentation.rb:75:in 'ActionController::Instrumentation#process_action'
actionpack (8.1.3.1) lib/action_controller/metal/params_wrapper.rb:259:in 'ActionController::ParamsWrapper#process_action'
activerecord (8.1.3.1) lib/active_record/railties/controller_runtime.rb:39:in 'ActiveRecord::Railties::ControllerRuntime#process_action'
actionpack (8.1.3.1) lib/abstract_controller/base.rb:154:in 'AbstractController::Base#process'
actionview (8.1.3.1) lib/action_view/rendering.rb:40:in 'ActionView::Rendering#process'
actionpack (8.1.3.1) lib/action_controller/metal.rb:252:in 'ActionController::Metal#dispatch'
actionpack (8.1.3.1) lib/action_controller/metal.rb:335:in 'ActionController::Metal.dispatch'
actionpack (8.1.3.1) lib/action_dispatch/routing/route_set.rb:65:in 'ActionDispatch::Routing::RouteSet::Dispatcher#dispatch'
actionpack (8.1.3.1) lib/action_dispatch/routing/route_set.rb:50:in 'ActionDispatch::Routing::RouteSet::Dispatcher#serve'
actionpack (8.1.3.1) lib/action_dispatch/journey/router.rb:35:in 'block in ActionDispatch::Journey::Router#serve'
actionpack (8.1.3.1) lib/action_dispatch/journey/router.rb:86:in 'block in ActionDispatch::Journey::Router#recognize'
actionpack (8.1.3.1) lib/action_dispatch/journey/router.rb:66:in 'Array#each'
actionpack (8.1.3.1) lib/action_dispatch/journey/router.rb:66:in 'ActionDispatch::Journey::Router#recognize'
actionpack (8.1.3.1) lib/action_dispatch/journey/router.rb:31:in 'ActionDispatch::Journey::Router#serve'
actionpack (8.1.3.1) lib/action_dispatch/routing/route_set.rb:906:in 'ActionDispatch::Routing::RouteSet#call'
railties (8.1.3.1) lib/rails/engine/lazy_route_set.rb:60:in 'Rails::Engine::LazyRouteSet#call'
rack (3.2.7) lib/rack/tempfile_reaper.rb:20:in 'Rack::TempfileReaper#call'
rack (3.2.7) lib/rack/etag.rb:29:in 'Rack::ETag#call'
rack (3.2.7) lib/rack/conditional_get.rb:31:in 'Rack::ConditionalGet#call'
rack (3.2.7) lib/rack/head.rb:15:in 'Rack::Head#call'
actionpack (8.1.3.1) lib/action_dispatch/http/content_security_policy.rb:38:in 'ActionDispatch::ContentSecurityPolicy::Middleware#call'
rack-session (2.1.2) lib/rack/session/abstract/id.rb:274:in 'Rack::Session::Abstract::Persisted#context'
rack-session (2.1.2) lib/rack/session/abstract/id.rb:268:in 'Rack::Session::Abstract::Persisted#call'
actionpack (8.1.3.1) lib/action_dispatch/middleware/cookies.rb:708:in 'ActionDispatch::Cookies#call'
activerecord (8.1.3.1) lib/active_record/migration.rb:671:in 'ActiveRecord::Migration::CheckPending#call'
actionpack (8.1.3.1) lib/action_dispatch/middleware/callbacks.rb:31:in 'block in ActionDispatch::Callbacks#call'
activesupport (8.1.3.1) lib/active_support/callbacks.rb:101:in 'ActiveSupport::Callbacks#run_callbacks'
actionpack (8.1.3.1) lib/action_dispatch/middleware/callbacks.rb:30:in 'ActionDispatch::Callbacks#call'
actionpack (8.1.3.1) lib/action_dispatch/middleware/executor.rb:20:in 'ActionDispatch::Executor#call'
actionpack (8.1.3.1) lib/action_dispatch/middleware/actionable_exceptions.rb:18:in 'ActionDispatch::ActionableExceptions#call'
actionpack (8.1.3.1) lib/action_dispatch/middleware/debug_exceptions.rb:31:in 'ActionDispatch::DebugExceptions#call'
web-console (4.3.0) lib/web_console/middleware.rb:132:in 'WebConsole::Middleware#call_app'
web-console (4.3.0) lib/web_console/middleware.rb:28:in 'block in WebConsole::Middleware#call'
web-console (4.3.0) lib/web_console/middleware.rb:17:in 'Kernel#catch'
web-console (4.3.0) lib/web_console/middleware.rb:17:in 'WebConsole::Middleware#call'
actionpack (8.1.3.1) lib/action_dispatch/middleware/show_exceptions.rb:32:in 'ActionDispatch::ShowExceptions#call'
railties (8.1.3.1) lib/rails/rack/logger.rb:41:in 'Rails::Rack::Logger#call_app'
railties (8.1.3.1) lib/rails/rack/logger.rb:29:in 'Rails::Rack::Logger#call'
propshaft (1.3.2) lib/propshaft/quiet_assets.rb:11:in 'Propshaft::QuietAssets#call'
actionpack (8.1.3.1) lib/action_dispatch/middleware/remote_ip.rb:98:in 'ActionDispatch::RemoteIp#call'
actionpack (8.1.3.1) lib/action_dispatch/middleware/request_id.rb:34:in 'ActionDispatch::RequestId#call'
rack (3.2.7) lib/rack/method_override.rb:28:in 'Rack::MethodOverride#call'
rack (3.2.7) lib/rack/runtime.rb:24:in 'Rack::Runtime#call'
activesupport (8.1.3.1) lib/active_support/cache/strategy/local_cache_middleware.rb:30:in 'ActiveSupport::Cache::Strategy::LocalCache::Middleware#call'
actionpack (8.1.3.1) lib/action_dispatch/middleware/server_timing.rb:61:in 'block in ActionDispatch::ServerTiming#call'
actionpack (8.1.3.1) lib/action_dispatch/middleware/server_timing.rb:26:in 'ActionDispatch::ServerTiming::Subscriber#collect_events'
actionpack (8.1.3.1) lib/action_dispatch/middleware/server_timing.rb:60:in 'ActionDispatch::ServerTiming#call'
actionpack (8.1.3.1) lib/action_dispatch/middleware/executor.rb:20:in 'ActionDispatch::Executor#call'
propshaft (1.3.2) lib/propshaft/server.rb:37:in 'Propshaft::Server#call'
actionpack (8.1.3.1) lib/action_dispatch/middleware/static.rb:27:in 'ActionDispatch::Static#call'
rack (3.2.7) lib/rack/sendfile.rb:131:in 'Rack::Sendfile#call'
actionpack (8.1.3.1) lib/action_dispatch/middleware/host_authorization.rb:143:in 'ActionDispatch::HostAuthorization#call'
railties (8.1.3.1) lib/rails/engine.rb:534:in 'Rails::Engine#call'
puma (8.0.2) lib/puma/configuration.rb:305:in 'Puma::Configuration::ConfigMiddleware#call'
puma (8.0.2) lib/puma/response.rb:79:in 'block in Puma::Response#handle_request'
puma (8.0.2) lib/puma/thread_pool.rb:434:in 'Puma::ThreadPool#with_force_shutdown'
puma (8.0.2) lib/puma/response.rb:78:in 'Puma::Response#handle_request'
puma (8.0.2) lib/puma/server.rb:508:in 'Puma::Server#process_client'
puma (8.0.2) lib/puma/server.rb:263:in 'block in Puma::Server#run'
puma (8.0.2) lib/puma/thread_pool.rb:246:in 'block in Puma::ThreadPool#spawn_thread'
Using vips to process variants requires the libvips library. Please install libvips using the instructions on the libvips website.
Using vips to process variants requires the libvips library. Please install libvips using the instructions on the libvips website.
Started GET "/admin/ranking" for ::1 at 2026-09-10 09:10:10 -0300
  [1m[36mActiveRecord::SchemaMigration Load (1.4ms)[0m  [1m[34mSELECT "schema_migrations"."version" FROM "schema_migrations" ORDER BY "schema_migrations"."version" ASC /*application='MisionesApp'*/[0m
Processing by Admin::RankingController#index as HTML
  Rendering layout layouts/admin.html.erb
  Rendering admin/ranking/index.html.erb within layouts/admin
  [1m[36mGuest Exists? (0.7ms)[0m  [1m[34mSELECT 1 AS one FROM "guests" LIMIT 1 /*action='index',application='MisionesApp',controller='ranking'*/[0m
  ↳ app/views/admin/ranking/index.html.erb:11
  [1m[36mGuest Load (2.2ms)[0m  [1m[34mSELECT "guests".* FROM "guests" ORDER BY "guests"."points" DESC, "guests"."name" ASC LIMIT 3 /*action='index',application='MisionesApp',controller='ranking'*/[0m
  ↳ app/views/admin/ranking/index.html.erb:14
  [1m[36mGuest Load (0.2ms)[0m  [1m[34mSELECT "guests".* FROM "guests" ORDER BY "guests"."points" DESC, "guests"."name" ASC /*action='index',application='MisionesApp',controller='ranking'*/[0m
  ↳ app/views/admin/ranking/index.html.erb:44:in 'Enumerable#each_with_index'
  [1m[36mMission Load (3.1ms)[0m  [1m[34mSELECT "missions".* FROM "missions" INNER JOIN "mission_assignments" ON "missions"."id" = "mission_assignments"."mission_id" WHERE "mission_assignments"."guest_id" = 3 AND "mission_assignments"."status" = 0 LIMIT 1 /*action='index',application='MisionesApp',controller='ranking'*/[0m
  ↳ app/views/admin/ranking/index.html.erb:67
  [1m[36mMission Load (0.9ms)[0m  [1m[34mSELECT "missions".* FROM "missions" INNER JOIN "mission_assignments" ON "missions"."id" = "mission_assignments"."mission_id" WHERE "mission_assignments"."guest_id" = 4 AND "mission_assignments"."status" = 0 LIMIT 1 /*action='index',application='MisionesApp',controller='ranking'*/[0m
  ↳ app/views/admin/ranking/index.html.erb:67
  [1m[36mMission Load (0.5ms)[0m  [1m[34mSELECT "missions".* FROM "missions" INNER JOIN "mission_assignments" ON "missions"."id" = "mission_assignments"."mission_id" WHERE "mission_assignments"."guest_id" = 2 AND "mission_assignments"."status" = 0 LIMIT 1 /*action='index',application='MisionesApp',controller='ranking'*/[0m
  ↳ app/views/admin/ranking/index.html.erb:67
  [1m[36mMission Load (0.6ms)[0m  [1m[34mSELECT "missions".* FROM "missions" INNER JOIN "mission_assignments" ON "missions"."id" = "mission_assignments"."mission_id" WHERE "mission_assignments"."guest_id" = 1 AND "mission_assignments"."status" = 0 LIMIT 1 /*action='index',application='MisionesApp',controller='ranking'*/[0m
  ↳ app/views/admin/ranking/index.html.erb:67
  Rendered admin/ranking/index.html.erb within layouts/admin (Duration: 28.8ms | GC: 0.0ms)
  Rendered layout layouts/admin.html.erb (Duration: 35.1ms | GC: 0.0ms)
Completed 200 OK in 85ms (Views: 24.4ms | ActiveRecord: 26.3ms (7 queries, 0 cached) | GC: 0.0ms)


Started GET "/admin" for ::1 at 2026-09-10 09:10:15 -0300
Processing by Admin::DashboardController#index as HTML
  [1m[36mGuest Count (1.2ms)[0m  [1m[34mSELECT COUNT(*) FROM "guests" /*action='index',application='MisionesApp',controller='dashboard'*/[0m
  ↳ app/controllers/admin/dashboard_controller.rb:5:in 'Admin::DashboardController#index'
  [1m[36mMission Count (0.5ms)[0m  [1m[34mSELECT COUNT(*) FROM "missions" /*action='index',application='MisionesApp',controller='dashboard'*/[0m
  ↳ app/controllers/admin/dashboard_controller.rb:6:in 'Admin::DashboardController#index'
  [1m[36mMission Count (0.4ms)[0m  [1m[34mSELECT COUNT(*) FROM "missions" WHERE "missions"."active" = TRUE /*action='index',application='MisionesApp',controller='dashboard'*/[0m
  ↳ app/controllers/admin/dashboard_controller.rb:7:in 'Admin::DashboardController#index'
  [1m[36mMissionAssignment Count (0.3ms)[0m  [1m[34mSELECT COUNT(*) FROM "mission_assignments" /*action='index',application='MisionesApp',controller='dashboard'*/[0m
  ↳ app/controllers/admin/dashboard_controller.rb:8:in 'Admin::DashboardController#index'
  [1m[36mMissionAssignment Count (0.4ms)[0m  [1m[34mSELECT COUNT(*) FROM "mission_assignments" WHERE "mission_assignments"."status" = 0 /*action='index',application='MisionesApp',controller='dashboard'*/[0m
  ↳ app/controllers/admin/dashboard_controller.rb:9:in 'Admin::DashboardController#index'
  [1m[36mMissionAssignment Count (0.8ms)[0m  [1m[34mSELECT COUNT(*) FROM "mission_assignments" WHERE "mission_assignments"."status" = 1 /*action='index',application='MisionesApp',controller='dashboard'*/[0m
  ↳ app/controllers/admin/dashboard_controller.rb:10:in 'Admin::DashboardController#index'
  [1m[36mMissionAssignment Count (0.3ms)[0m  [1m[34mSELECT COUNT(*) FROM "mission_assignments" WHERE "mission_assignments"."status" = 2 /*action='index',application='MisionesApp',controller='dashboard'*/[0m
  ↳ app/controllers/admin/dashboard_controller.rb:11:in 'Admin::DashboardController#index'
  Rendering layout layouts/admin.html.erb
  Rendering admin/dashboard/index.html.erb within layouts/admin
  [1m[36mGuest Exists? (0.5ms)[0m  [1m[34mSELECT 1 AS one FROM "guests" LIMIT 1 /*action='index',application='MisionesApp',controller='dashboard'*/[0m
  ↳ app/views/admin/dashboard/index.html.erb:32
  [1m[36mGuest Load (0.4ms)[0m  [1m[34mSELECT "guests".* FROM "guests" ORDER BY "guests"."points" DESC, "guests"."name" ASC LIMIT 3 /*action='index',application='MisionesApp',controller='dashboard'*/[0m
  ↳ app/views/admin/dashboard/index.html.erb:40:in 'Enumerable#each_with_index'
  [1m[36mMissionAssignment Count (0.4ms)[0m  [1m[34mSELECT COUNT(*) FROM "mission_assignments" WHERE "mission_assignments"."guest_id" = 3 AND "mission_assignments"."status" = 0 /*action='index',application='MisionesApp',controller='dashboard'*/[0m
  ↳ app/views/admin/dashboard/index.html.erb:57
  [1m[36mMissionAssignment Count (0.9ms)[0m  [1m[34mSELECT COUNT(*) FROM "mission_assignments" WHERE "mission_assignments"."guest_id" = 4 AND "mission_assignments"."status" = 0 /*action='index',application='MisionesApp',controller='dashboard'*/[0m
  ↳ app/views/admin/dashboard/index.html.erb:57
  [1m[36mMissionAssignment Count (0.4ms)[0m  [1m[34mSELECT COUNT(*) FROM "mission_assignments" WHERE "mission_assignments"."guest_id" = 2 AND "mission_assignments"."status" = 0 /*action='index',application='MisionesApp',controller='dashboard'*/[0m
  ↳ app/views/admin/dashboard/index.html.erb:57
  Rendered admin/dashboard/index.html.erb within layouts/admin (Duration: 21.3ms | GC: 0.0ms)
  Rendered layout layouts/admin.html.erb (Duration: 22.7ms | GC: 0.0ms)
Completed 200 OK in 43ms (Views: 20.7ms | ActiveRecord: 7.1ms (12 queries, 0 cached) | GC: 0.0ms)


